Ngày,Lần cuối,Mở,Cao,Thấp,KL,% Thay đổi
18/04/2025,"72,500.00","70,500.00","72,900.00","70,300.00",1.10M,3.87%
17/04/2025,"69,800.00","68,100.00","70,000.00","67,700.00",1.65M,1.75%
16/04/2025,"68,600.00","71,200.00","71,200.00","68,200.00",1.79M,-4.06%
15/04/2025,"71,500.00","73,300.00","73,400.00","70,000.00",1.94M,-2.99%
14/04/2025,"73,700.00","73,900.00","75,800.00","73,000.00",1.87M,2.79%
11/4/2025,"71,700.00","71,700.00","71,700.00","71,300.00",3.66M,6.86%
10/4/2025,"67,100.00","67,100.00","67,100.00","67,100.00",59.60K,6.85%
9/4/2025,"62,800.00","62,800.00","66,600.00","62,800.00",3.79M,-6.96%
8/4/2025,"67,500.00","69,500.00","71,200.00","67,500.00",1.43M,-6.90%
4/4/2025,"72,500.00","71,500.00","73,000.00","71,500.00",4.12M,-5.60%
3/4/2025,"76,800.00","80,000.00","81,100.00","76,800.00",2.63M,-6.91%
2/4/2025,"82,500.00","83,500.00","84,300.00","82,500.00",727.00K,-1.08%
1/4/2025,"83,400.00","83,300.00","83,700.00","82,600.00",411.80K,0.12%
31/03/2025,"83,300.00","82,000.00","83,300.00","82,000.00",1.00M,1.59%
28/03/2025,"82,000.00","84,900.00","85,000.00","82,000.00",3.24M,-3.42%
27/03/2025,"84,900.00","86,600.00","86,800.00","84,900.00",1.25M,-1.96%
26/03/2025,"86,600.00","87,800.00","88,300.00","86,600.00",558.20K,-1.37%
25/03/2025,"87,800.00","88,500.00","88,600.00","87,000.00",664.50K,-0.79%
24/03/2025,"88,500.00","89,900.00","89,900.00","88,300.00",268.10K,-1.23%
21/03/2025,"89,600.00","89,800.00","89,800.00","88,800.00",229.70K,-0.22%
20/03/2025,"89,800.00","89,600.00","90,300.00","88,500.00",863.30K,1.81%
19/03/2025,"88,200.00","88,700.00","89,800.00","88,100.00",469.00K,0.00%
18/03/2025,"88,200.00","87,900.00","89,000.00","87,900.00",447.00K,0.34%
17/03/2025,"87,900.00","87,900.00","88,400.00","85,900.00",1.14M,0.57%
14/03/2025,"87,400.00","90,100.00","91,000.00","87,000.00",1.71M,-2.89%
13/03/2025,"90,000.00","91,700.00","91,800.00","90,000.00",1.10M,-1.10%
12/3/2025,"91,000.00","93,400.00","93,400.00","91,000.00",1.27M,-2.57%
11/3/2025,"93,400.00","93,400.00","93,400.00","92,800.00",279.60K,0.11%
10/3/2025,"93,300.00","93,900.00","93,900.00","93,300.00",318.80K,-0.64%
7/3/2025,"93,900.00","93,500.00","94,200.00","93,100.00",352.40K,0.21%
6/3/2025,"93,700.00","94,600.00","94,600.00","93,500.00",280.10K,0.75%
5/3/2025,"93,000.00","94,000.00","94,300.00","93,000.00",693.20K,-1.27%
4/3/2025,"94,200.00","94,100.00","94,600.00","93,900.00",258.50K,0.11%
3/3/2025,"94,100.00","94,000.00","94,700.00","93,800.00",226.00K,0.11%
28/02/2025,"94,000.00","94,700.00","94,800.00","93,500.00",578.00K,-0.74%
27/02/2025,"94,700.00","95,700.00","95,800.00","94,700.00",244.20K,-0.94%
26/02/2025,"95,600.00","95,500.00","95,600.00","94,800.00",621.30K,0.10%
25/02/2025,"95,500.00","94,900.00","95,800.00","94,700.00",371.60K,0.95%
24/02/2025,"94,600.00","94,500.00","95,100.00","94,400.00",195.90K,0.32%
21/02/2025,"94,300.00","94,100.00","94,900.00","94,100.00",246.20K,0.21%
20/02/2025,"94,100.00","94,800.00","94,900.00","94,000.00",344.20K,-0.95%
19/02/2025,"95,000.00","93,600.00","95,000.00","93,600.00",322.60K,1.50%
18/02/2025,"93,600.00","95,200.00","95,200.00","93,600.00",705.20K,-1.89%
17/02/2025,"95,400.00","95,200.00","95,500.00","93,900.00",550.70K,-0.21%
14/02/2025,"95,600.00","96,000.00","96,200.00","95,000.00",234.90K,0.63%
13/02/2025,"95,000.00","95,500.00","95,600.00","94,600.00",230.10K,0.00%
12/2/2025,"95,000.00","95,100.00","95,500.00","94,600.00",172.00K,0.53%
11/2/2025,"94,500.00","95,300.00","95,900.00","94,500.00",290.00K,-0.74%
10/2/2025,"95,200.00","97,500.00","97,500.00","95,000.00",637.70K,-2.56%
7/2/2025,"97,700.00","98,196.90","98,892.60","97,203.00",558.10K,-1.31%
6/2/2025,"98,992.00","97,799.40","99,389.60","97,700.00",1.46M,1.43%
5/2/2025,"97,600.60","97,501.20","97,700.00","97,302.40",391.90K,0.00%
4/2/2025,"97,600.60","97,700.00","97,898.80","97,302.40",448.40K,0.10%
3/2/2025,"97,501.20","97,302.40","97,998.10","97,004.30",486.90K,-0.10%
24/01/2025,"97,600.00","97,300.00","98,000.00","97,200.00",460.80K,0.51%
23/01/2025,"97,100.00","96,800.00","97,100.00","96,200.00",560.30K,1.36%
22/01/2025,"95,800.00","95,900.00","96,000.00","95,600.00",235.30K,0.21%
21/01/2025,"95,600.00","96,300.00","96,300.00","94,000.00",134.50K,-0.52%
20/01/2025,"96,100.00","95,700.00","96,100.00","95,200.00",346.70K,0.95%
17/01/2025,"95,200.00","95,500.00","95,500.00","94,900.00",96.10K,0.21%
16/01/2025,"95,000.00","94,100.00","95,700.00","94,100.00",340.30K,0.74%
15/01/2025,"94,300.00","95,000.00","95,800.00","93,600.00",414.70K,-1.15%
14/01/2025,"95,400.00","95,600.00","95,600.00","94,400.00",414.70K,1.06%
13/01/2025,"94,400.00","93,700.00","94,900.00","93,500.00",363.50K,0.64%
10/1/2025,"93,800.00","95,500.00","95,500.00","93,800.00",308.80K,-1.37%
9/1/2025,"95,100.00","96,000.00","96,000.00","95,100.00",166.20K,-0.94%
8/1/2025,"96,000.00","94,600.00","96,600.00","94,300.00",286.00K,1.48%
7/1/2025,"94,600.00","96,200.00","96,600.00","94,600.00",682.80K,-2.27%
6/1/2025,"96,800.00","96,900.00","96,900.00","96,100.00",448.40K,0.21%
3/1/2025,"96,600.00","97,500.00","97,900.00","96,200.00",455.80K,-1.33%
2/1/2025,"97,900.00","98,000.00","98,000.00","97,500.00",356.80K,0.00%
31/12/2024,"97,900.00","97,500.00","97,900.00","97,500.00",495.20K,0.41%
30/12/2024,"97,500.00","97,500.00","98,500.00","97,200.00",806.20K,-0.10%
27/12/2024,"97,600.00","97,600.00","97,600.00","97,000.00",413.80K,0.10%
26/12/2024,"97,500.00","97,900.00","98,000.00","97,100.00",414.80K,-0.10%
25/12/2024,"97,600.00","97,500.00","97,900.00","97,000.00",506.00K,0.41%
24/12/2024,"97,200.00","97,300.00","97,300.00","96,000.00",508.30K,-0.10%
23/12/2024,"97,300.00","97,000.00","97,800.00","96,900.00",344.10K,0.31%
20/12/2024,"97,000.00","97,200.00","97,400.00","96,800.00",180.80K,-0.41%
19/12/2024,"97,400.00","96,600.00","97,400.00","96,400.00",601.40K,-0.10%
18/12/2024,"97,500.00","97,600.00","97,800.00","97,000.00",333.70K,-0.31%
17/12/2024,"97,800.00","98,000.00","98,100.00","97,500.00",248.30K,-0.41%
16/12/2024,"98,200.00","97,500.00","99,100.00","97,500.00",1.23M,1.24%
13/12/2024,"97,000.00","97,000.00","97,100.00","96,600.00",645.10K,0.21%
12/12/2024,"96,800.00","96,800.00","98,100.00","96,200.00",1.43M,0.00%
11/12/2024,"96,800.00","96,700.00","97,000.00","96,200.00",1.07M,-0.21%
10/12/2024,"97,000.00","97,000.00","97,600.00","96,300.00",740.30K,0.21%
9/12/2024,"96,800.00","96,700.00","97,400.00","96,600.00",919.50K,0.41%
6/12/2024,"96,400.00","96,400.00","96,500.00","95,700.00",724.90K,0.42%
5/12/2024,"96,000.00","94,400.00","96,700.00","94,400.00",1.30M,1.91%
4/12/2024,"94,200.00","93,700.00","94,300.00","93,500.00",654.30K,0.64%
3/12/2024,"93,600.00","94,000.00","94,200.00","93,600.00",346.70K,-0.43%
2/12/2024,"94,000.00","93,000.00","94,300.00","93,000.00",1.20M,1.18%
29/11/2024,"92,900.00","93,200.00","93,300.00","92,800.00",845.80K,0.11%
28/11/2024,"92,800.00","93,700.00","93,700.00","92,800.00",245.00K,-0.22%
27/11/2024,"93,000.00","92,800.00","93,300.00","92,700.00",286.90K,0.22%
26/11/2024,"92,800.00","92,900.00","93,000.00","92,500.00",381.00K,-0.11%
25/11/2024,"92,900.00","93,200.00","93,300.00","92,600.00",268.20K,0.00%
22/11/2024,"92,900.00","94,100.00","94,100.00","92,300.00",379.70K,-1.17%
21/11/2024,"94,000.00","92,800.00","94,000.00","92,100.00",796.60K,1.29%
20/11/2024,"92,800.00","91,600.00","92,800.00","91,000.00",707.00K,1.20%
19/11/2024,"91,700.00","92,200.00","92,200.00","90,800.00",401.80K,-0.22%
18/11/2024,"91,900.00","92,200.00","92,300.00","90,600.00",694.90K,0.55%
15/11/2024,"91,400.00","92,900.00","92,900.00","91,100.00",899.00K,-1.72%
14/11/2024,"93,000.00","93,000.00","93,600.00","92,900.00",383.30K,0.00%
13/11/2024,"93,000.00","93,100.00","93,100.00","92,700.00",285.50K,-0.21%
12/11/2024,"93,200.00","92,500.00","93,200.00","92,100.00",370.60K,0.32%
11/11/2024,"92,900.00","92,800.00","93,000.00","91,900.00",748.10K,-0.11%
8/11/2024,"93,000.00","93,300.00","93,300.00","92,600.00",522.30K,-0.32%
7/11/2024,"93,300.00","94,300.00","94,400.00","92,900.00",779.80K,-1.06%
6/11/2024,"94,300.00","93,600.00","94,900.00","93,200.00",711.10K,0.86%
5/11/2024,"93,500.00","92,700.00","93,900.00","92,600.00",739.20K,0.86%
4/11/2024,"92,700.00","92,000.00","93,200.00","91,700.00",1.23M,1.42%
1/11/2024,"91,400.00","94,200.00","94,200.00","91,400.00",3.49M,-3.59%
31/10/2024,"94,800.00","95,800.00","95,800.00","94,700.00",475.50K,-0.73%
30/10/2024,"95,500.00","96,400.00","96,500.00","95,300.00",277.60K,-0.83%
29/10/2024,"96,300.00","95,000.00","96,400.00","95,000.00",1.06M,1.48%
28/10/2024,"94,900.00","94,200.00","94,900.00","92,600.00",704.00K,0.85%
25/10/2024,"94,100.00","94,100.00","94,200.00","93,900.00",438.60K,0.11%
24/10/2024,"94,000.00","93,900.00","94,100.00","93,400.00",751.20K,0.21%
23/10/2024,"93,800.00","93,300.00","93,900.00","93,100.00",821.90K,0.86%
22/10/2024,"93,000.00","94,400.00","94,600.00","92,600.00",1.33M,-1.69%
21/10/2024,"94,600.00","95,000.00","95,200.00","94,500.00",400.30K,-0.32%
18/10/2024,"94,900.00","95,500.00","95,500.00","94,900.00",434.90K,-0.21%
17/10/2024,"95,100.00","94,700.00","95,200.00","94,600.00",497.20K,0.53%
16/10/2024,"94,600.00","94,300.00","94,900.00","94,300.00",478.90K,0.53%
15/10/2024,"94,100.00","94,700.00","94,900.00","94,100.00",645.00K,-0.63%
14/10/2024,"94,700.00","95,000.00","95,400.00","94,400.00",773.60K,-0.73%
11/10/2024,"95,400.00","95,400.00","95,400.00","94,800.00",487.00K,-0.10%
10/10/2024,"95,500.00","94,200.00","96,100.00","94,200.00",1.21M,1.17%
9/10/2024,"94,400.00","94,800.00","95,000.00","94,300.00",775.60K,-0.42%
8/10/2024,"94,800.00","95,400.00","95,400.00","94,500.00",873.90K,-0.63%
7/10/2024,"95,400.00","95,500.00","96,400.00","95,200.00",789.10K,0.00%
4/10/2024,"95,400.00","97,200.00","97,300.00","95,400.00",1.48M,-1.85%
3/10/2024,"97,200.00","98,000.00","98,400.00","97,100.00",710.10K,-0.82%
2/10/2024,"98,000.00","97,500.00","98,700.00","97,300.00",1.83M,1.03%
1/10/2024,"97,000.00","97,591.40","97,788.60","97,000.00",1.51M,-0.40%
30/09/2024,"97,394.30","97,690.00","97,788.60","97,098.50",966.90K,-0.20%
27/09/2024,"97,591.40","98,182.90","98,182.90","97,197.10",1.09M,-0.30%
26/09/2024,"97,887.20","98,380.00","98,971.50","97,887.20",1.36M,-0.30%
25/09/2024,"98,182.90","98,380.00","98,478.60","97,591.40",1.19M,0.20%
24/09/2024,"97,985.70","97,690.00","99,168.70","97,690.00",845.70K,0.30%
23/09/2024,"97,690.00","97,591.40","98,084.30","97,098.50",561.50K,0.30%
20/09/2024,"97,394.30","97,887.20","98,380.00","97,295.70",1.66M,-0.10%
19/09/2024,"97,492.90","98,577.20","98,577.20","97,098.50",1.49M,-1.10%
18/09/2024,"98,577.20","98,774.40","99,070.10","98,084.30",1.00M,0.00%
17/09/2024,"98,577.20","97,788.60","98,577.20","97,788.60",524.60K,0.50%
16/09/2024,"98,084.30","98,577.20","99,957.30","98,084.30",973.00K,-0.30%
13/09/2024,"98,380.00","98,182.90","98,478.60","97,887.20",583.90K,0.40%
12/9/2024,"97,985.70","98,478.60","98,774.40","97,887.20",663.70K,0.20%
11/9/2024,"97,788.60","97,295.70","97,985.70","97,098.50",652.50K,0.20%
10/9/2024,"97,591.40","98,084.30","98,971.50","97,492.90",741.30K,-0.50%
9/9/2024,"98,084.30","97,887.20","98,577.20","97,000.00",920.10K,-0.10%
6/9/2024,"98,182.90","98,577.20","99,168.70","97,690.00",1.14M,-0.50%
5/9/2024,"98,675.80","100,450.20","101,041.60","98,675.80",1.09M,-1.09%
4/9/2024,"99,760.10","99,661.50","100,351.60","98,675.80",1.17M,-0.98%
30/08/2024,"100,745.90","99,858.70","101,238.80","99,858.70",817.10K,1.19%
29/08/2024,"99,563.00","100,351.60","101,238.80","99,563.00",1.03M,-0.59%
28/08/2024,"100,154.40","101,731.70","102,027.40","99,760.10",1.57M,-1.36%
27/08/2024,"101,534.50","101,435.90","102,323.10","99,168.70",2.29M,0.39%
26/08/2024,"101,140.20","105,477.60","105,970.50","101,140.20",5.63M,-5.79%
23/08/2024,"107,350.60","108,040.60","108,040.60","105,970.50",1.58M,-0.37%
22/08/2024,"107,744.90","106,956.30","108,632.10","106,562.00",1.57M,0.83%
21/08/2024,"106,857.70","106,463.40","106,857.70","105,477.60",1.48M,0.37%
20/08/2024,"106,463.40","105,083.30","106,857.70","104,689.00",3.27M,2.96%
19/08/2024,"103,407.50","97,591.40","103,407.50","97,295.70",4.95M,6.93%
16/08/2024,"96,704.20","95,422.70","96,901.40","94,732.70",1.73M,1.24%
15/08/2024,"95,521.30","95,817.00","95,915.60","93,648.30",849.10K,-0.51%
14/08/2024,"96,014.20","96,802.80","97,295.70","95,619.90",811.60K,0.00%
13/08/2024,"96,014.20","95,817.00","97,295.70","95,127.00",1.57M,0.41%
12/8/2024,"95,619.90","94,239.80","95,619.90","93,944.10",561.00K,1.46%
9/8/2024,"94,239.80","93,845.50","94,338.40","93,155.50",415.20K,1.38%
8/8/2024,"92,958.30","93,352.60","94,141.20","92,859.70",468.50K,-1.26%
7/8/2024,"94,141.20","95,127.00","95,127.00","92,761.10",281.30K,-0.10%
6/8/2024,"94,239.80","93,944.10","94,338.40","92,564.00",641.00K,0.42%
5/8/2024,"93,845.50","95,521.30","96,605.70","92,169.70",1.92M,-3.84%
2/8/2024,"97,591.40","94,239.80","97,591.40","94,239.80",1.83M,1.23%
1/8/2024,"96,408.50","95,127.00","97,887.20","94,239.80",2.46M,0.72%
31/07/2024,"95,718.50","95,915.60","95,915.60","94,929.80",762.20K,0.21%
30/07/2024,"95,521.30","95,127.00","96,605.70","94,634.10",773.40K,0.10%
29/07/2024,"95,422.70","95,324.20","95,422.70","94,634.10",417.80K,0.62%
26/07/2024,"94,831.30","93,944.10","94,831.30","93,549.80",608.30K,1.48%
25/07/2024,"93,451.20","92,761.10","93,549.80","92,761.10",279.90K,0.00%
24/07/2024,"93,451.20","92,465.40","94,042.60","91,183.90",1.23M,1.07%
23/07/2024,"92,465.40","92,958.30","94,141.20","92,268.30",966.10K,-0.42%
22/07/2024,"92,859.70","93,648.30","94,239.80","92,465.40",810.40K,-1.57%
19/07/2024,"94,338.40","94,634.10","94,732.70","93,549.80",653.70K,-0.31%
18/07/2024,"94,634.10","94,239.80","94,634.10","92,465.40",1.14M,0.10%
17/07/2024,"94,535.50","96,112.80","96,408.50","92,268.30",1.43M,-1.24%
16/07/2024,"95,718.50","96,605.70","97,985.70","95,718.50",1.57M,-0.61%
15/07/2024,"96,309.90","96,605.70","96,605.70","95,521.30",929.70K,0.00%
12/7/2024,"96,309.90","96,408.50","96,408.50","95,225.60",1.19M,0.31%
11/7/2024,"96,014.20","97,098.50","97,492.90","95,718.50",1.31M,-0.61%
10/7/2024,"96,605.70","97,394.30","97,591.40","96,309.90",999.70K,-0.71%
9/7/2024,"97,295.70","94,042.60","97,492.90","93,746.90",3.96M,3.46%
8/7/2024,"94,042.60","94,732.70","94,732.70","93,254.00",1.01M,0.42%
5/7/2024,"93,648.30","93,648.30","94,042.60","92,859.70",752.20K,0.11%
4/7/2024,"93,549.80","93,648.30","94,732.70","93,155.50",1.05M,0.32%
3/7/2024,"93,254.00","94,239.80","94,239.80","92,761.10",862.10K,-0.42%
2/7/2024,"93,648.30","92,859.70","94,239.80","92,662.60",800.30K,1.06%
1/7/2024,"92,662.60","93,648.30","94,042.60","92,169.70",500.50K,-1.57%
28/06/2024,"94,141.20","94,042.60","94,141.20","92,169.70",799.40K,0.00%
27/06/2024,"94,141.20","94,634.10","94,634.10","92,465.40",1.04M,-0.62%
26/06/2024,"94,732.70","94,929.80","95,127.00","93,254.00",957.80K,-0.41%
25/06/2024,"95,127.00","95,028.40","95,521.30","94,634.10",446.50K,-0.82%
24/06/2024,"95,915.60","96,309.90","96,507.10","93,451.20",1.43M,-0.41%
21/06/2024,"96,309.90","97,098.50","97,098.50","96,309.90",908.30K,-0.10%
20/06/2024,"96,408.50","95,127.00","97,295.70","95,127.00",1.41M,1.03%
19/06/2024,"95,422.70","95,225.60","95,422.70","94,141.20",508.00K,0.21%
18/06/2024,"95,225.60","94,634.10","95,619.90","94,634.10",662.80K,0.63%
17/06/2024,"94,634.10","94,141.20","94,634.10","93,155.50",920.90K,0.21%
14/06/2024,"94,437.00","95,915.60","95,915.60","94,437.00",837.50K,-1.54%
13/06/2024,"95,915.60","96,014.20","96,014.20","94,929.80",866.30K,0.41%
12/6/2024,"95,521.30","92,958.30","95,521.30","92,859.70",1.52M,2.76%
11/6/2024,"92,958.30","93,352.60","93,845.50","92,859.70",903.10K,-0.32%
10/6/2024,"93,254.00","92,662.60","93,451.20","92,662.60",700.40K,0.00%
7/6/2024,"93,254.00","94,042.60","94,042.60","92,366.80",941.70K,-0.42%
6/6/2024,"93,648.30","94,634.10","94,634.10","92,662.60",1.57M,0.64%
5/6/2024,"93,056.90","93,648.30","94,042.60","92,761.10",1.42M,-0.42%
4/6/2024,"93,451.20","92,268.30","93,944.10","92,169.70",1.67M,1.28%
3/6/2024,"92,268.30","92,662.60","92,859.70","91,381.10",1.70M,-0.32%
31/05/2024,"92,564.00","91,578.20","92,564.00","91,282.50",1.19M,1.08%
30/05/2024,"91,578.20","91,381.10","91,578.20","90,198.10",2.23M,-0.43%
29/05/2024,"91,972.50","93,549.80","93,549.80","91,972.50",1.18M,-1.69%
28/05/2024,"93,549.80","92,859.70","93,648.30","92,761.10",888.90K,0.74%
27/05/2024,"92,859.70","93,648.30","93,845.50","92,169.70",752.60K,-0.74%
24/05/2024,"93,549.80","95,619.90","95,915.60","92,859.70",2.85M,-3.26%
23/05/2024,"96,704.20","96,704.20","96,704.20","94,732.70",1.37M,0.00%
22/05/2024,"96,704.20","97,197.10","97,197.10","95,127.00",1.58M,0.10%
21/05/2024,"96,605.70","97,098.50","99,464.40","96,605.70",2.64M,0.62%
20/05/2024,"96,014.20","98,281.50","98,281.50","96,014.20",1.39M,-1.72%
17/05/2024,"97,690.00","96,014.20","98,084.30","95,619.90",2.41M,1.95%
16/05/2024,"95,817.00","95,915.60","96,309.90","95,324.20",1.12M,0.52%
15/05/2024,"95,324.20","95,619.90","95,619.90","94,535.50",1.18M,0.31%
14/05/2024,"95,028.40","96,507.10","96,507.10","94,141.20",1.34M,-0.82%
13/05/2024,"95,817.00","97,000.00","97,000.00","95,225.60",564.40K,-0.31%
10/5/2024,"96,112.80","96,112.80","96,901.40","95,028.40",2.30M,1.04%
9/5/2024,"95,127.00","96,211.30","96,704.20","94,634.10",1.10M,-1.13%
8/5/2024,"96,211.30","96,605.70","96,704.20","95,422.70",1.03M,-0.41%
7/5/2024,"96,605.70","94,929.80","97,788.60","94,141.20",2.60M,2.19%
6/5/2024,"94,535.50","95,127.00","95,225.60","93,944.10",1.02M,-0.62%
3/5/2024,"95,127.00","95,225.60","95,422.70","93,944.10",2.37M,0.42%
2/5/2024,"94,732.70","93,549.80","94,831.30","92,859.70",1.16M,1.16%
26/04/2024,"93,648.30","92,465.40","93,746.90","91,183.90",1.65M,0.85%
25/04/2024,"92,859.70","92,169.70","92,859.70","91,676.80",1.08M,-0.11%
24/04/2024,"92,958.30","91,282.50","93,352.60","90,198.10",1.62M,1.95%
23/04/2024,"91,183.90","91,972.50","91,972.50","89,606.70",1.59M,-0.96%
22/04/2024,"92,071.10","90,691.00","92,169.70","90,099.60",1.43M,2.08%
19/04/2024,"90,198.10","90,198.10","91,381.10","87,930.90",1.68M,-1.08%
17/04/2024,"91,183.90","95,422.70","95,422.70","90,789.60",1.76M,-3.55%
16/04/2024,"94,535.50","95,521.30","95,817.00","91,085.30",2.42M,-0.62%
15/04/2024,"95,127.00","101,534.50","101,534.50","95,127.00",1.96M,-6.40%
12/4/2024,"101,633.10","99,267.20","102,520.30","99,267.20",1.98M,3.10%
11/4/2024,"98,577.20","98,478.60","98,675.80","97,591.40",784.90K,-0.60%
10/4/2024,"99,168.70","96,211.30","99,563.00","95,817.00",3.23M,3.71%
9/4/2024,"95,619.90","94,141.20","95,817.00","94,042.60",1.08M,1.57%
8/4/2024,"94,141.20","95,619.90","95,817.00","94,141.20",792.80K,-1.44%
5/4/2024,"95,521.30","94,929.80","95,817.00","94,929.80",718.10K,-0.62%
4/4/2024,"96,112.80","95,422.70","96,507.10","95,225.60",773.50K,0.52%
3/4/2024,"95,619.90","97,887.20","98,971.50","95,619.90",1.99M,-2.02%
2/4/2024,"97,591.40","97,394.30","97,591.40","96,014.20",1.39M,0.10%
1/4/2024,"97,492.90","97,591.40","97,985.70","96,211.30",1.09M,0.00%
29/03/2024,"97,492.90","96,605.70","99,168.70","96,605.70",2.76M,1.23%
28/03/2024,"96,309.90","96,211.30","96,408.50","95,521.30",975.30K,0.21%
27/03/2024,"96,112.80","96,605.70","96,704.20","95,127.00",1.41M,0.10%
26/03/2024,"96,014.20","94,831.30","96,112.80","94,535.50",1.27M,1.46%
25/03/2024,"94,634.10","96,901.40","96,901.40","94,634.10",1.41M,-2.54%
22/03/2024,"97,098.50","97,591.40","97,591.40","95,619.90",1.65M,-0.20%
21/03/2024,"97,295.70","97,788.60","98,971.50","96,704.20",1.68M,0.51%
20/03/2024,"96,802.80","94,634.10","97,000.00","93,746.90",2.10M,1.76%
19/03/2024,"95,127.00","94,732.70","95,619.90","93,155.50",1.91M,-0.82%
18/03/2024,"95,915.60","97,098.50","97,098.50","91,479.60",3.24M,-2.21%
15/03/2024,"98,084.30","98,675.80","98,971.50","96,309.90",1.64M,-0.80%
14/03/2024,"98,873.00","99,950.90","101,714.70","97,893.10",1.64M,-0.59%
13/03/2024,"99,460.90","97,011.10","100,734.80","96,325.20",2.40M,2.53%
12/3/2024,"97,011.10","97,501.10","97,795.10","95,541.30",1.34M,0.00%
11/3/2024,"97,011.10","94,855.30","98,873.00","94,659.40",2.94M,2.59%
8/3/2024,"94,561.40","94,953.30","96,619.20","93,679.50",3.27M,0.00%
7/3/2024,"94,561.40","93,385.50","94,953.30","92,895.50",1.92M,1.58%
6/3/2024,"93,091.50","94,855.30","94,855.30","92,111.60",1.59M,-1.86%
5/3/2024,"94,855.30","93,973.40","95,835.30","93,679.50",1.86M,1.26%
4/3/2024,"93,679.50","93,777.40","94,659.40","92,993.50",1.30M,-0.10%
1/3/2024,"93,777.40","88,583.90","94,463.40","88,485.90",4.27M,5.86%
29/02/2024,"88,583.90","88,779.90","89,955.80","87,800.00",1.24M,0.22%
28/02/2024,"88,387.90","88,289.90","88,975.90","87,702.00",952.10K,0.33%
27/02/2024,"88,094.00","87,212.00","88,094.00","86,722.10",1.55M,1.58%
26/02/2024,"86,722.10","86,036.20","87,310.00","85,644.20",1.10M,0.80%
23/02/2024,"86,036.20","88,094.00","88,094.00","85,938.20",1.20M,-2.01%
22/02/2024,"87,800.00","86,232.10","87,800.00","86,232.10",809.10K,1.70%
21/02/2024,"86,330.10","87,016.10","87,016.10","85,840.20",1.23M,-0.68%
20/02/2024,"86,918.10","86,918.10","87,996.00","86,428.10",742.40K,0.00%
19/02/2024,"86,918.10","88,779.90","89,073.90","86,918.10",1.07M,-1.99%
16/02/2024,"88,681.90","89,073.90","89,073.90","88,289.90",463.30K,-0.44%
15/02/2024,"89,073.90","89,857.80","90,347.80","88,192.00",885.80K,-0.33%
7/2/2024,"89,367.80","89,269.90","89,661.80","88,779.90",442.80K,0.22%
6/2/2024,"89,171.90","89,073.90","89,171.90","88,192.00",500.60K,0.00%
5/2/2024,"89,171.90","90,053.80","90,053.80","87,898.00",1.30M,-0.98%
2/2/2024,"90,053.80","90,053.80","90,837.70","89,661.80",2.57M,0.22%
1/2/2024,"89,857.80","89,661.80","89,857.80","88,877.90",1.58M,0.22%
31/01/2024,"89,661.80","89,661.80","90,347.80","88,779.90",2.13M,0.11%
30/01/2024,"89,563.80","89,465.80","90,053.80","89,269.90",1.17M,0.11%
29/01/2024,"89,465.80","88,192.00","89,661.80","87,702.00",1.44M,2.01%
26/01/2024,"87,702.00","87,702.00","87,996.00","87,506.00",534.20K,0.00%
25/01/2024,"87,702.00","87,506.00","87,800.00","86,820.10",524.90K,0.11%
24/01/2024,"87,604.00","88,094.00","88,583.90","87,408.00",458.20K,-0.45%
23/01/2024,"87,996.00","86,428.10","88,094.00","86,232.10",1.42M,2.39%
22/01/2024,"85,938.20","86,428.10","86,624.10","85,546.20",513.80K,-0.57%
19/01/2024,"86,428.10","87,212.00","87,800.00","85,644.20",1.04M,-0.90%
18/01/2024,"87,212.00","86,820.10","87,898.00","86,722.10",1.71M,0.45%
17/01/2024,"86,820.10","84,958.20","87,212.00","84,566.30",2.33M,2.55%
16/01/2024,"84,664.30","82,802.40","84,664.30","82,704.50",954.00K,2.25%
15/01/2024,"82,802.40","83,292.40","83,684.40","82,802.40",903.20K,-0.59%
12/1/2024,"83,292.40","84,468.30","84,468.30","82,704.50",1.05M,-1.39%
11/1/2024,"84,468.30","85,154.20","86,036.20","83,684.40",1.11M,-0.81%
10/1/2024,"85,154.20","83,978.30","85,252.20","83,782.40",1.50M,1.64%
9/1/2024,"83,782.40","82,704.50","83,782.40","82,704.50",994.50K,1.42%
8/1/2024,"82,606.50","81,920.50","82,606.50","81,822.50",813.50K,1.08%
5/1/2024,"81,724.50","82,900.40","83,292.40","81,430.60",1.12M,-1.42%
4/1/2024,"82,900.40","84,272.30","84,566.30","82,900.40",827.60K,-1.63%
3/1/2024,"84,272.30","83,782.40","84,272.30","83,586.40",1.05M,0.00%
2/1/2024,"84,272.30","85,448.20","85,448.20","83,684.40",911.40K,0.00%
29/12/2023,"84,272.30","82,802.40","84,272.30","82,508.50",1.58M,1.42%
28/12/2023,"83,096.40","83,390.40","83,684.40","82,900.40",1.41M,-0.59%
27/12/2023,"83,586.40","83,684.40","84,076.30","83,488.40",1.17M,-0.35%
26/12/2023,"83,880.30","82,900.40","84,272.30","82,116.50",1.60M,1.30%
25/12/2023,"82,802.40","82,312.50","83,488.40","82,116.50",1.40M,0.84%
22/12/2023,"82,116.50","82,312.50","82,312.50","81,528.60",1.34M,-0.12%
21/12/2023,"82,214.50","78,882.80","82,606.50","78,784.80",3.60M,4.48%
20/12/2023,"78,686.80","77,804.90","78,784.80","77,217.00",1.11M,1.13%
19/12/2023,"77,804.90","77,902.90","78,000.90","76,629.00",483.60K,-0.13%
18/12/2023,"77,902.90","77,510.90","77,902.90","76,923.00",488.00K,0.38%
15/12/2023,"77,608.90","78,000.90","78,098.90","77,217.00",610.60K,-0.50%
14/12/2023,"78,000.90","78,882.80","79,078.80","77,902.90",619.80K,-0.99%
13/12/2023,"78,784.80","78,686.80","79,862.70","78,588.80",1.34M,0.12%
12/12/2023,"78,686.80","78,882.80","78,882.80","78,196.90",535.10K,0.38%
11/12/2023,"78,392.80","77,021.00","78,588.80","77,021.00",1.01M,1.78%
8/12/2023,"77,021.00","77,119.00","77,902.90","76,531.00",548.70K,0.13%
7/12/2023,"76,923.00","78,882.80","78,882.80","76,923.00",762.90K,-2.00%
6/12/2023,"78,490.80","78,098.90","78,686.80","77,804.90",541.30K,0.13%
5/12/2023,"78,392.80","79,078.80","79,176.80","78,392.80",769.30K,-0.62%
4/12/2023,"78,882.80","79,568.70","79,764.70","78,490.80",864.20K,0.25%
1/12/2023,"78,686.80","78,882.80","78,980.80","78,392.80",298.70K,-0.25%
30/11/2023,"78,882.80","78,000.90","79,568.70","78,000.90",569.30K,0.75%
29/11/2023,"78,294.90","78,196.90","78,686.80","77,412.90",571.10K,1.01%
28/11/2023,"77,510.90","77,021.00","78,000.90","76,825.00",337.10K,-0.50%
27/11/2023,"77,902.90","78,980.80","78,980.80","77,902.90",446.20K,-1.12%
24/11/2023,"78,784.80","78,882.80","79,372.80","77,902.90",611.80K,-0.50%
23/11/2023,"79,176.80","79,666.70","80,450.70","78,882.80",1.19M,-0.49%
22/11/2023,"79,568.70","79,078.80","79,764.70","78,980.80",641.70K,0.12%
21/11/2023,"79,470.70","78,098.90","79,568.70","77,902.90",1.01M,2.66%
20/11/2023,"77,412.90","77,021.00","78,098.90","76,727.00",668.70K,0.13%
17/11/2023,"77,314.90","76,433.00","77,804.90","76,335.00",892.00K,1.15%
16/11/2023,"76,433.00","76,531.00","76,923.00","76,237.00",151.40K,-0.38%
15/11/2023,"76,727.00","77,412.90","77,706.90","76,433.00",204.50K,0.26%
14/11/2023,"76,531.00","74,669.20","76,727.00","74,669.20",475.50K,2.63%
13/11/2023,"74,571.20","74,473.20","74,963.20","74,375.20",157.10K,0.13%
10/11/2023,"74,473.20","74,473.20","75,061.20","74,179.20",228.70K,-0.65%
9/11/2023,"74,963.20","75,453.10","75,943.10","74,669.20",433.30K,-0.65%
8/11/2023,"75,453.10","74,277.20","75,845.10","73,297.30",408.60K,1.45%
7/11/2023,"74,375.20","75,355.10","75,355.10","73,885.30",231.10K,-0.91%
6/11/2023,"75,061.20","72,513.40","75,257.10","72,513.40",544.60K,3.79%
3/11/2023,"72,317.40","73,297.30","73,395.30","72,317.40",1.75M,0.00%
2/11/2023,"72,317.40","70,749.50","72,513.40","70,749.50",374.10K,2.50%
1/11/2023,"70,553.60","70,063.60","70,651.60","69,671.60",293.50K,0.00%
31/10/2023,"70,553.60","71,533.50","71,533.50","70,063.60",481.10K,-1.23%
30/10/2023,"71,435.50","72,121.40","72,121.40","71,141.50",218.30K,-0.95%
27/10/2023,"72,121.40","72,317.40","72,513.40","71,141.50",343.60K,-0.54%
26/10/2023,"72,513.40","72,513.40","72,513.40","70,553.60",904.70K,-0.40%
25/10/2023,"72,807.40","73,297.30","74,081.20","72,807.40",353.80K,-0.67%
24/10/2023,"73,297.30","73,297.30","73,493.30","72,513.40",282.70K,0.67%
23/10/2023,"72,807.40","74,375.20","74,375.20","72,807.40",421.00K,-1.46%
20/10/2023,"73,885.30","73,983.30","74,963.20","73,493.30",265.30K,0.40%
19/10/2023,"73,591.30","74,657.80","75,239.60","73,591.30",569.30K,-1.43%
18/10/2023,"74,657.80","76,597.00","76,597.00","73,203.50",640.50K,-2.65%
17/10/2023,"76,694.00","77,566.60","77,663.50","76,694.00",216.10K,-1.00%
16/10/2023,"77,469.60","78,148.30","78,148.30","76,984.80",520.20K,0.13%
13/10/2023,"77,372.70","77,566.60","77,954.40","76,887.90",286.70K,-0.25%
12/10/2023,"77,566.60","78,148.30","78,730.10","77,566.60",315.40K,-0.37%
11/10/2023,"77,857.50","77,663.50","77,857.50","77,372.70",300.50K,1.01%
10/10/2023,"77,081.80","78,536.20","78,924.00","76,887.90",473.70K,-0.63%
9/10/2023,"77,566.60","76,597.00","77,954.40","75,724.40",560.60K,2.56%
6/10/2023,"75,627.40","75,821.30","75,821.30","75,142.60",195.30K,0.26%
5/10/2023,"75,433.50","75,821.30","76,015.30","75,336.50",155.70K,0.26%
4/10/2023,"75,239.60","75,045.70","75,627.40","74,754.80",332.80K,0.13%
3/10/2023,"75,142.60","76,984.80","76,984.80","75,142.60",442.20K,-1.77%
2/10/2023,"76,500.00","76,403.10","78,051.40","76,112.20",270.90K,0.13%
29/09/2023,"76,403.10","76,112.20","76,984.80","76,112.20",136.60K,0.38%
28/09/2023,"76,112.20","76,597.00","76,597.00","75,918.30",332.70K,-0.76%
27/09/2023,"76,694.00","76,112.20","77,275.70","75,627.40",413.50K,0.76%
26/09/2023,"76,112.20","76,887.90","77,566.60","76,112.20",570.40K,-1.63%
25/09/2023,"77,372.70","79,021.00","79,021.00","77,081.80",574.70K,-1.48%
22/09/2023,"78,536.20","78,633.10","79,408.80","77,469.60",1.00M,-1.94%
21/09/2023,"80,087.50","80,184.50","80,281.40","78,633.10",552.70K,-0.12%
20/09/2023,"80,184.50","78,924.00","80,281.40","78,342.30",593.50K,1.85%
19/09/2023,"78,730.10","79,021.00","79,214.90","77,857.50",581.80K,-0.37%
18/09/2023,"79,021.00","78,439.20","79,602.70","78,051.40",416.60K,0.12%
15/09/2023,"78,924.00","78,827.00","79,505.80","78,245.30",664.60K,0.25%
14/09/2023,"78,730.10","80,766.20","80,766.20","78,730.10",483.40K,-2.52%
13/09/2023,"80,766.20","81,444.90","81,832.70","80,378.40",782.50K,-0.36%
12/9/2023,"81,057.10","80,475.30","81,057.10","79,602.70",510.00K,0.00%
11/9/2023,"81,057.10","81,929.70","81,929.70","79,021.00",816.70K,-0.48%
8/9/2023,"81,444.90","81,057.10","82,026.70","80,766.20",695.30K,-0.24%
7/9/2023,"81,638.80","79,602.70","82,705.40","79,021.00",1.81M,3.82%
6/9/2023,"78,633.10","78,536.20","78,633.10","77,954.40",721.80K,0.75%
5/9/2023,"78,051.40","78,633.10","78,730.10","77,760.50",346.00K,0.00%
31/08/2023,"78,051.40","78,051.40","78,827.00","78,051.40",728.00K,-0.25%
30/08/2023,"78,245.30","78,051.40","78,342.30","77,469.60",506.00K,0.37%
29/08/2023,"77,954.40","77,566.60","78,439.20","77,081.80",768.00K,1.13%
28/08/2023,"77,081.80","76,500.00","77,081.80","75,918.30",456.60K,1.53%
25/08/2023,"75,918.30","75,433.50","76,209.20","74,948.70",593.00K,0.38%
24/08/2023,"75,627.40","74,948.70","75,821.30","74,948.70",258.40K,0.65%
23/08/2023,"75,142.60","75,724.40","76,112.20","74,754.80",329.10K,-1.27%
22/08/2023,"76,112.20","76,597.00","76,597.00","74,754.80",545.50K,-0.63%
21/08/2023,"76,597.00","77,081.80","77,081.80","74,657.80",550.30K,0.64%
18/08/2023,"76,112.20","76,887.90","77,566.60","73,688.30",1.09M,-2.12%
17/08/2023,"77,760.50","77,760.50","78,051.40","75,627.40",726.90K,0.00%
16/08/2023,"77,760.50","76,597.00","77,760.50","76,209.20",586.80K,1.52%
15/08/2023,"76,597.00","76,887.90","76,984.80","75,918.30",713.40K,-0.50%
14/08/2023,"76,984.80","77,566.60","77,566.60","76,694.00",519.10K,0.00%
11/8/2023,"76,984.80","76,790.90","78,148.30","76,597.00",568.90K,0.51%
10/8/2023,"76,597.00","77,857.50","78,051.40","76,500.00",1.18M,-1.62%
9/8/2023,"77,857.50","78,924.00","78,924.00","77,857.50",596.70K,-1.35%
8/8/2023,"78,924.00","80,087.50","80,087.50","78,439.20",578.20K,-0.97%
7/8/2023,"79,699.70","78,439.20","79,699.70","78,148.30",618.40K,1.73%
4/8/2023,"78,342.30","78,827.00","79,117.90","77,760.50",1.24M,-0.61%
3/8/2023,"78,827.00","79,021.00","79,602.70","77,954.40",555.50K,-0.25%
2/8/2023,"79,021.00","78,536.20","79,021.00","77,663.50",434.60K,0.62%
1/8/2023,"78,536.20","80,378.40","80,863.20","78,536.20",2.55M,-2.41%
31/07/2023,"80,475.30","80,281.40","81,541.90","79,796.60",1.25M,0.48%
28/07/2023,"80,087.50","78,730.10","80,281.40","78,730.10",1.27M,2.10%
27/07/2023,"78,439.20","79,311.80","79,311.80","77,760.50",988.00K,-1.10%
26/07/2023,"79,311.80","78,051.40","79,505.80","77,663.50",1.61M,1.61%
25/07/2023,"78,051.40","77,081.80","78,536.20","76,597.00",1.92M,1.51%
24/07/2023,"76,887.90","77,663.50","78,051.40","76,500.00",1.35M,-0.87%
21/07/2023,"77,566.60","76,790.90","78,245.30","76,306.10",1.05M,1.39%
20/07/2023,"76,500.00","76,306.10","76,500.00","75,627.40",701.00K,0.38%
19/07/2023,"76,209.20","77,275.70","77,372.70","76,112.20",1.02M,-1.38%
18/07/2023,"77,275.70","77,372.70","77,954.40","76,597.00",1.04M,-0.75%
17/07/2023,"77,857.50","76,403.10","78,148.30","76,015.30",2.52M,2.29%
14/07/2023,"76,112.20","77,760.50","77,760.50","75,530.50",1.45M,0.64%
13/07/2023,"75,627.40","71,943.00","75,724.40","71,846.10",3.89M,5.69%
12/7/2023,"71,555.20","72,427.80","72,427.80","71,555.20",920.50K,-0.94%
11/7/2023,"72,233.90","71,458.20","72,524.80","71,458.20",1.31M,1.09%
10/7/2023,"71,458.20","71,458.20","71,652.10","70,100.80",1.09M,2.65%
7/7/2023,"69,616.00","70,391.70","70,973.40","69,616.00",1.31M,-1.10%
6/7/2023,"70,391.70","71,458.20","71,652.10","70,391.70",1.15M,-1.49%
5/7/2023,"71,458.20","72,040.00","72,621.70","71,458.20",1.31M,-0.41%
4/7/2023,"71,749.10","71,749.10","71,943.00","71,361.30",852.50K,0.00%
3/7/2023,"71,749.10","72,815.60","72,815.60","71,361.30",1.03M,-1.33%
30/06/2023,"72,718.70","72,912.60","72,912.60","71,555.20",1.24M,0.00%
29/06/2023,"72,718.70","72,524.80","73,494.30","71,749.10",1.12M,0.27%
28/06/2023,"72,524.80","73,203.50","73,397.40","72,233.90",702.40K,-0.93%
27/06/2023,"73,203.50","74,076.10","74,076.10","72,233.90",797.70K,-1.18%
26/06/2023,"74,076.10","73,300.40","74,076.10","72,040.00",820.90K,0.79%
23/06/2023,"73,494.30","72,233.90","73,591.30","71,943.00",1.30M,1.74%
22/06/2023,"72,233.90","70,973.40","72,233.90","70,973.40",1.31M,2.34%
21/06/2023,"70,585.60","70,003.80","70,779.50","69,422.10",807.30K,0.69%
20/06/2023,"70,100.80","70,100.80","70,100.80","68,840.30",1.04M,0.00%
19/06/2023,"70,100.80","70,488.60","70,585.60","69,034.30",864.00K,-0.69%
16/06/2023,"70,585.60","71,264.30","71,749.10","70,391.70",1.01M,-0.68%
15/06/2023,"71,070.40","70,488.60","71,264.30","70,294.70",504.90K,0.69%
14/06/2023,"70,585.60","71,070.40","71,749.10","70,585.60",506.90K,-0.68%
13/06/2023,"71,070.40","70,585.60","72,233.90","70,488.60",1.44M,1.10%
12/6/2023,"70,294.70","69,519.10","70,294.70","69,228.20",579.10K,0.69%
9/6/2023,"69,809.90","70,003.80","70,003.80","69,325.10",715.30K,0.56%
8/6/2023,"69,422.10","69,806.70","69,999.00","69,229.80",511.90K,-0.55%
7/6/2023,"69,806.70","69,999.00","69,999.00","69,133.70",767.10K,-0.27%
6/6/2023,"69,999.00","70,287.50","70,575.90","69,614.40",633.40K,-1.22%
5/6/2023,"70,864.40","71,441.30","71,441.30","70,191.30",553.90K,0.96%
2/6/2023,"70,191.30","68,172.10","70,191.30","67,691.40",779.70K,3.84%
1/6/2023,"67,595.20","68,172.10","68,364.40","67,402.90",357.00K,-0.85%
31/05/2023,"68,172.10","68,460.60","68,556.70","68,076.00",328.60K,-0.28%
30/05/2023,"68,364.40","68,652.90","69,037.50","68,172.10",497.90K,-0.42%
29/05/2023,"68,652.90","69,326.00","69,614.40","68,364.40",276.50K,-0.83%
26/05/2023,"69,229.80","69,133.70","69,326.00","68,556.70",296.50K,1.12%
25/05/2023,"68,460.60","68,556.70","69,037.50","68,268.30",389.00K,-0.42%
24/05/2023,"68,749.00","69,902.90","69,902.90","68,652.90",437.20K,-0.97%
23/05/2023,"69,422.10","70,479.80","70,672.10","69,326.00",636.90K,0.14%
22/05/2023,"69,326.00","70,095.20","70,191.30","69,229.80",283.10K,-0.55%
19/05/2023,"69,710.60","70,960.60","70,960.60","69,710.60",329.40K,-1.36%
18/05/2023,"70,672.10","71,729.80","71,729.80","70,672.10",395.80K,-1.47%
17/05/2023,"71,729.80","71,345.20","71,922.10","71,345.20",196.20K,0.13%
16/05/2023,"71,633.60","72,306.70","72,402.80","71,633.60",206.20K,-0.93%
15/05/2023,"72,306.70","72,114.40","72,595.10","72,114.40",225.60K,0.27%
12/5/2023,"72,114.40","72,114.40","72,306.70","71,537.50",353.20K,0.00%
11/5/2023,"72,114.40","72,306.70","72,883.60","71,922.10",341.00K,-0.27%
10/5/2023,"72,306.70","72,691.30","72,883.60","72,210.50",332.60K,-0.53%
9/5/2023,"72,691.30","73,556.70","73,556.70","72,499.00",195.50K,-0.40%
8/5/2023,"72,979.80","73,268.20","73,556.70","72,883.60",223.40K,-0.39%
5/5/2023,"73,268.20","73,845.10","74,037.40","73,075.90",191.60K,0.13%
4/5/2023,"73,172.10","74,037.40","74,037.40","73,075.90",268.70K,-1.17%
28/04/2023,"74,037.40","72,883.60","74,037.40","72,114.40",409.70K,1.72%
27/04/2023,"72,787.50","72,979.80","73,749.00","71,825.90",373.20K,0.13%
26/04/2023,"72,691.30","72,595.10","72,883.60","71,152.90",648.40K,0.13%
25/04/2023,"72,595.10","73,556.70","74,037.40","72,595.10",378.90K,-1.31%
24/04/2023,"73,556.70","73,845.10","74,325.90","73,556.70",193.30K,-0.65%
21/04/2023,"74,037.40","74,806.70","75,095.10","73,652.80",399.00K,-0.39%
20/04/2023,"74,325.90","75,479.70","75,479.70","74,037.40",287.10K,-0.90%
19/04/2023,"74,999.00","75,479.70","75,575.90","74,614.30",303.50K,-0.26%
18/04/2023,"75,191.30","75,479.70","76,441.20","74,806.70",943.40K,0.13%
17/04/2023,"75,095.10","74,614.30","75,864.30","74,614.30",693.00K,0.64%
14/04/2023,"74,614.30","74,614.30","74,999.00","74,325.90",596.20K,0.78%
13/04/2023,"74,037.40","74,999.00","75,383.60","73,941.30",407.40K,-1.16%
12/4/2023,"74,902.80","75,960.50","75,960.50","74,902.80",605.30K,-0.89%
11/4/2023,"75,575.90","74,518.20","76,248.90","74,518.20",1.03M,1.81%
10/4/2023,"74,229.70","73,652.80","74,518.20","73,652.80",650.50K,0.91%
7/4/2023,"73,556.70","73,845.10","74,229.70","73,364.40",336.40K,-0.39%
6/4/2023,"73,845.10","74,710.50","74,902.80","73,845.10",595.80K,-0.65%
5/4/2023,"74,325.90","73,941.30","74,806.70","73,652.80",1.29M,0.91%
4/4/2023,"73,652.80","74,037.40","74,614.30","73,364.40",790.50K,-0.26%
3/4/2023,"73,845.10","74,999.00","74,999.00","73,556.70",758.50K,-1.16%
31/03/2023,"74,710.50","74,806.70","75,383.60","74,422.00",406.00K,0.00%
30/03/2023,"74,710.50","75,768.20","75,768.20","73,845.10",331.40K,0.91%
29/03/2023,"74,037.40","74,806.70","74,806.70","73,172.10",343.40K,-1.03%
28/03/2023,"74,806.70","75,191.30","75,383.60","74,133.60",419.30K,-0.51%
27/03/2023,"75,191.30","75,960.50","75,960.50","74,902.80",203.20K,-1.01%
24/03/2023,"75,960.50","75,575.90","75,960.50","75,095.10",140.90K,0.64%
23/03/2023,"75,479.70","75,287.40","75,768.20","74,999.00",169.00K,-0.51%
22/03/2023,"75,864.30","76,441.20","76,441.20","75,095.10",221.60K,-0.13%
21/03/2023,"75,960.50","77,787.40","77,787.40","75,479.70",246.60K,-1.25%
20/03/2023,"76,922.00","76,825.90","77,883.50","75,960.50",480.50K,1.27%
17/03/2023,"75,960.50","77,402.80","77,402.80","74,999.00",153.60K,-1.86%
16/03/2023,"77,402.80","77,883.50","77,883.50","75,960.50",326.80K,-0.37%
15/03/2023,"77,691.20","78,075.80","78,075.80","77,114.30",263.00K,0.12%
14/03/2023,"77,595.10","77,883.50","78,075.80","77,018.20",276.60K,0.62%
13/03/2023,"77,114.30","76,922.00","77,787.40","76,537.40",443.30K,1.52%
10/3/2023,"75,960.50","75,960.50","76,441.20","75,287.40",149.80K,-1.13%
9/3/2023,"76,825.90","76,441.20","76,922.00","75,960.50",160.20K,-0.12%
8/3/2023,"76,922.00","76,152.80","76,922.00","74,037.40",213.60K,0.88%
7/3/2023,"76,248.90","76,248.90","76,248.90","74,229.70",121.50K,1.02%
6/3/2023,"75,479.70","76,729.70","76,729.70","75,287.40",134.60K,-1.13%
3/3/2023,"76,345.10","77,210.50","77,787.40","75,575.90",221.30K,-1.12%
2/3/2023,"77,210.50","74,999.00","77,210.50","74,999.00",296.80K,3.48%
1/3/2023,"74,614.30","74,037.40","74,710.50","73,172.10",265.80K,0.91%
28/02/2023,"73,941.30","73,268.20","74,518.20","73,268.20",262.20K,1.05%
27/02/2023,"73,172.10","76,922.00","76,922.00","73,172.10",590.60K,-6.05%
24/02/2023,"77,883.50","78,845.10","78,941.20","76,537.40",531.70K,-1.34%
23/02/2023,"78,941.20","79,422.00","79,806.60","77,883.50",351.10K,-1.08%
22/02/2023,"79,806.60","80,768.10","80,768.10","79,806.60",320.80K,-1.78%
21/02/2023,"81,248.90","81,633.50","82,498.90","80,864.30",418.80K,0.00%
20/02/2023,"81,248.90","79,806.60","81,248.90","79,518.10",363.50K,1.81%
17/02/2023,"79,806.60","79,422.00","79,902.70","78,748.90",242.90K,0.48%
16/02/2023,"79,422.00","78,845.10","79,422.00","78,652.80",183.70K,0.73%
15/02/2023,"78,845.10","78,845.10","79,037.40","78,268.10",240.40K,-0.12%
14/02/2023,"78,941.20","79,998.90","79,998.90","78,172.00",264.40K,-1.68%
13/02/2023,"80,287.30","80,095.00","80,960.40","79,325.80",410.40K,0.24%
10/2/2023,"80,095.00","79,710.40","80,575.80","79,518.10",469.10K,0.48%
9/2/2023,"79,710.40","79,518.10","80,287.30","79,422.00",404.30K,0.00%
8/2/2023,"79,710.40","79,902.70","80,672.00","78,941.20",292.40K,-0.24%
7/2/2023,"79,902.70","81,441.20","81,441.20","79,325.80",309.10K,-0.84%
6/2/2023,"80,575.80","79,422.00","81,825.80","79,422.00",345.80K,2.07%
3/2/2023,"78,941.20","82,498.90","82,595.00","78,941.20",2.09M,-3.98%
2/2/2023,"82,210.40","84,325.80","84,325.80","81,825.80",607.60K,-1.38%
1/2/2023,"83,364.20","86,633.40","87,979.50","82,691.20",465.00K,-3.88%
31/01/2023,"86,729.60","87,498.80","89,518.00","86,441.10",602.90K,-2.17%
30/01/2023,"88,652.60","91,344.90","91,344.90","88,556.50",351.50K,-1.91%
27/01/2023,"90,383.40","86,152.70","91,441.00","86,152.70",1.43M,5.74%
19/01/2023,"85,479.60","84,229.60","85,479.60","84,229.60",591.30K,0.45%
18/01/2023,"85,095.00","85,960.30","85,960.30","84,037.30",336.70K,0.57%
17/01/2023,"84,614.20","84,229.60","85,575.70","84,133.40",288.70K,0.57%
16/01/2023,"84,133.40","83,075.80","85,575.70","83,075.80",430.90K,1.39%
13/01/2023,"82,979.60","82,787.30","83,845.00","82,787.30",197.30K,0.35%
12/1/2023,"82,691.20","83,460.40","83,460.40","82,306.50",166.40K,-0.92%
11/1/2023,"83,460.40","84,614.20","84,614.20","83,460.40",263.80K,-1.36%
10/1/2023,"84,614.20","84,902.70","84,902.70","83,941.10",155.40K,-0.23%
9/1/2023,"84,806.50","84,133.40","85,191.10","83,652.70",151.60K,0.00%
6/1/2023,"84,806.50","85,479.60","85,575.70","84,806.50",138.10K,-0.79%
5/1/2023,"85,479.60","86,339.10","86,339.10","84,811.00",189.10K,0.56%
4/1/2023,"85,002.00","85,479.60","85,670.60","84,620.00",208.80K,-0.56%
3/1/2023,"85,479.60","86,912.20","86,912.20","84,906.50",221.10K,-0.44%
30/12/2022,"85,861.60","82,614.30","85,861.60","82,136.80",397.30K,4.53%
29/12/2022,"82,136.80","81,659.30","82,136.80","80,226.60",221.40K,4.24%
28/12/2022,"78,794.00","77,647.90","82,733.70","77,504.70",332.93K,1.85%
27/12/2022,"77,361.40","77,361.40","78,006.10","77,003.20",178.53K,0.00%
26/12/2022,"77,361.40","78,507.50","78,650.80","76,788.40",199.20K,-0.55%
23/12/2022,"77,791.20","78,077.70","78,077.70","75,928.80",197.20K,-0.37%
22/12/2022,"78,077.70","78,794.00","78,865.70","76,645.10",321.20K,-0.55%
21/12/2022,"78,507.50","78,794.00","79,152.20","77,719.60",243.07K,-0.81%
20/12/2022,"79,152.20","79,295.40","80,226.60","78,435.90",169.07K,-1.34%
19/12/2022,"80,226.60","79,510.30","80,441.50","79,510.30",172.93K,-0.80%
16/12/2022,"80,871.30","79,582.00","80,942.90","79,582.00",347.73K,-0.09%
15/12/2022,"80,942.90","80,011.70","80,942.90","79,510.30",172.00K,0.00%
14/12/2022,"80,942.90","80,584.80","80,942.90","79,367.10",159.07K,0.44%
13/12/2022,"80,584.80","79,940.10","80,584.80","77,361.40",208.80K,0.63%
12/12/2022,"80,083.40","78,865.70","80,083.40","78,292.60",212.93K,-0.09%
9/12/2022,"80,155.00","80,441.50","80,441.50","78,937.30",111.20K,0.81%
8/12/2022,"79,510.30","77,862.80","79,510.30","77,862.80",312.53K,2.12%
7/12/2022,"77,862.80","80,799.70","80,799.70","75,928.80",409.33K,-2.16%
6/12/2022,"79,582.00","82,232.30","82,590.50","79,510.30",381.60K,-3.31%
5/12/2022,"82,303.90","82,375.60","82,375.60","81,659.30",179.73K,-0.09%
2/12/2022,"82,375.60","80,584.80","82,733.70","79,223.80",549.33K,2.68%
1/12/2022,"80,226.60","79,868.50","81,874.20","78,865.70",353.73K,-1.32%
30/11/2022,"81,301.10","80,799.70","81,587.60","79,653.60",257.87K,0.62%
29/11/2022,"80,799.70","78,077.70","80,942.90","77,791.20",476.67K,3.49%
28/11/2022,"78,077.70","76,286.90","78,794.00","76,286.90",312.40K,2.64%
25/11/2022,"76,072.00","76,286.90","78,221.00","75,785.50",314.13K,0.19%
24/11/2022,"75,928.80","75,928.80","76,286.90","73,994.70",222.27K,0.28%
23/11/2022,"75,713.90","73,063.50","75,713.90","73,063.50",222.13K,2.62%
22/11/2022,"73,779.90","74,352.90","75,713.90","73,206.80",381.47K,0.88%
21/11/2022,"73,135.20","71,702.60","73,779.90","71,702.60",218.40K,2.00%
18/11/2022,"71,702.60","71,630.90","72,991.90","70,198.30",386.80K,0.10%
17/11/2022,"71,630.90","69,482.00","71,630.90","69,410.40",485.47K,3.09%
16/11/2022,"69,482.00","64,539.50","69,482.00","64,467.80",679.20K,3.08%
15/11/2022,"67,404.70","68,694.10","70,914.60","64,539.50",677.20K,-3.97%
14/11/2022,"70,194.20","69,394.90","72,664.80","69,104.20",306.67K,-0.62%
11/11/2022,"70,630.20","71,066.20","71,066.20","69,976.20",239.87K,0.21%
10/11/2022,"70,484.90","70,412.20","71,211.50","67,578.30",555.07K,-0.31%
9/11/2022,"70,702.90","70,339.50","70,920.80","69,104.20",170.53K,0.41%
8/11/2022,"70,412.20","69,612.90","71,066.20","68,958.90",266.13K,1.47%
7/11/2022,"69,394.90","69,104.20","71,211.50","69,031.60",376.00K,0.63%
4/11/2022,"68,958.90","74,772.10","74,772.10","68,958.90",1.25M,-6.96%
3/11/2022,"74,118.10","71,356.80","75,571.40","71,356.80",422.13K,0.89%
2/11/2022,"73,464.10","74,554.10","74,844.70","73,464.10",406.93K,-0.49%
1/11/2022,"73,827.40","74,844.70","75,062.70","73,827.40",209.47K,-1.65%
31/10/2022,"75,062.70","76,007.40","76,007.40","73,028.10",374.13K,-0.39%
28/10/2022,"75,353.40","75,280.70","75,571.40","74,481.40",178.27K,0.88%
27/10/2022,"74,699.40","75,492.60","75,492.60","73,762.10",232.13K,0.19%
26/10/2022,"74,555.20","73,617.90","74,987.80","73,185.20",345.20K,1.77%
25/10/2022,"73,257.30","75,708.90","75,708.90","71,382.60",626.53K,0.10%
24/10/2022,"73,185.20","72,175.80","75,708.90","72,175.80",505.20K,-3.06%
21/10/2022,"75,492.60","78,160.40","78,160.40","73,545.80",556.67K,-2.70%
20/10/2022,"77,583.60","78,160.40","78,304.60","76,502.00",360.00K,0.09%
19/10/2022,"77,511.50","77,006.70","77,511.50","76,429.90",295.07K,1.42%
18/10/2022,"76,429.90","77,727.80","77,727.80","76,141.50",430.53K,0.95%
17/10/2022,"75,708.90","75,708.90","75,853.10","74,627.30",126.40K,-0.10%
14/10/2022,"75,781.00","75,853.10","76,357.80","75,420.50",289.60K,0.57%
13/10/2022,"75,348.40","76,069.40","76,069.40","74,843.60",304.80K,-0.48%
12/10/2022,"75,708.90","74,122.60","76,357.80","74,122.60",453.47K,0.38%
11/10/2022,"75,420.50","76,646.20","76,646.20","73,185.20",292.53K,-0.38%
10/10/2022,"75,708.90","70,084.80","76,357.80","70,084.80",468.13K,1.94%
7/10/2022,"74,266.80","72,824.70","75,708.90","70,661.60",610.40K,0.19%
6/10/2022,"74,122.60","73,545.80","74,987.80","73,545.80",514.53K,0.39%
5/10/2022,"73,834.20","71,094.20","75,708.90","71,022.10",433.47K,3.96%
4/10/2022,"71,022.10","73,473.70","73,473.70","71,022.10",521.33K,-1.10%
3/10/2022,"71,815.30","77,078.80","77,078.80","71,815.30",993.73K,-6.92%
30/09/2022,"77,150.90","80,035.10","80,035.10","75,059.90",1.52M,-3.60%
29/09/2022,"80,035.10","80,756.10","80,900.30","79,746.70",364.53K,0.00%
28/09/2022,"80,035.10","80,035.10","80,684.00","79,674.60",501.33K,-0.09%
27/09/2022,"80,107.20","81,188.80","81,188.80","80,035.10",512.40K,0.00%
26/09/2022,"80,107.20","81,477.20","81,477.20","79,818.80",668.27K,-2.46%
23/09/2022,"82,126.10","82,558.70","82,558.70","81,837.70",521.73K,-0.09%
22/09/2022,"82,198.20","81,765.60","82,414.50","81,765.60",344.53K,0.09%
21/09/2022,"82,126.10","82,054.00","82,414.50","81,477.20",442.13K,0.80%
20/09/2022,"81,477.20","80,756.10","81,477.20","80,756.10",449.73K,0.89%
19/09/2022,"80,756.10","81,621.40","81,981.90","80,756.10",679.47K,-1.06%
16/09/2022,"81,621.40","80,756.10","83,568.20","80,684.00",2.77M,1.16%
15/09/2022,"80,684.00","80,756.10","81,260.90","80,539.80",393.33K,0.18%
14/09/2022,"80,539.80","80,684.00","81,188.80","80,395.60",613.47K,-1.15%
13/09/2022,"81,477.20","80,900.30","82,054.00","80,900.30",515.33K,0.71%
12/9/2022,"80,900.30","80,756.10","82,126.10","80,684.00",482.80K,0.36%
9/9/2022,"80,611.90","81,405.10","81,405.10","80,395.60",276.00K,-0.62%
8/9/2022,"81,116.60","80,395.60","81,116.60","79,674.60",730.27K,1.35%
7/9/2022,"80,035.10","82,198.20","82,270.30","80,035.10",1.34M,-2.63%
6/9/2022,"82,198.20","82,486.60","82,775.00","82,126.10",423.87K,-0.26%
5/9/2022,"82,414.50","82,775.00","82,775.00","82,054.00",501.33K,-0.44%
31/08/2022,"82,775.00","82,486.60","82,775.00","81,765.60",840.40K,0.35%
30/08/2022,"82,486.60","84,361.30","84,361.30","82,198.20",964.27K,-1.80%
29/08/2022,"84,000.80","83,279.80","84,000.80","81,477.20",1.38M,-1.10%
26/08/2022,"84,938.10","84,361.30","86,163.90","83,928.70",1.17M,1.03%
25/08/2022,"84,072.90","84,505.50","84,866.00","83,712.40",562.13K,-0.51%
24/08/2022,"84,505.50","82,558.70","85,082.30","82,342.40",1.66M,2.36%
23/08/2022,"82,558.70","82,198.20","82,630.80","81,837.70",346.13K,-0.26%
22/08/2022,"82,775.00","81,549.30","83,207.70","81,549.30",545.87K,0.70%
19/08/2022,"82,198.20","81,837.70","82,486.60","81,333.00",729.20K,-0.35%
18/08/2022,"82,486.60","82,775.00","82,775.00","81,477.20",568.80K,-0.44%
17/08/2022,"82,847.10","82,919.20","83,207.70","82,486.60",414.00K,-0.09%
16/08/2022,"82,919.20","83,135.50","83,135.50","82,558.70",366.13K,0.26%
15/08/2022,"82,702.90","81,909.80","83,279.80","81,260.90",910.67K,1.15%
12/8/2022,"81,765.60","82,270.30","82,775.00","81,116.60",659.73K,-0.61%
11/8/2022,"82,270.30","84,000.80","84,361.30","82,270.30",968.27K,-2.06%
10/8/2022,"84,000.80","84,145.00","84,145.00","83,279.80",583.33K,-0.17%
9/8/2022,"84,145.00","84,721.80","84,721.80","83,496.10",683.33K,0.00%
8/8/2022,"84,145.00","82,919.20","85,010.20","82,847.10",1.65M,1.57%
5/8/2022,"82,847.10","83,640.30","83,640.30","82,847.10",599.20K,-0.95%
4/8/2022,"83,640.30","83,712.40","83,856.60","82,630.80",626.27K,0.00%
3/8/2022,"83,640.30","82,991.30","83,640.30","82,558.70",879.73K,-0.43%
2/8/2022,"84,000.80","83,640.30","84,217.10","82,486.60",566.00K,-0.43%
1/8/2022,"84,361.30","82,198.20","84,721.80","81,837.70",681.60K,2.63%
29/07/2022,"82,198.20","82,054.00","82,198.20","81,188.80",1.55M,0.88%
28/07/2022,"81,477.20","81,405.10","82,630.80","80,035.10",945.33K,0.71%
27/07/2022,"80,900.30","80,395.60","80,900.30","79,963.00",380.00K,0.18%
26/07/2022,"80,756.10","81,477.20","81,549.30","80,756.10",423.07K,-1.06%
25/07/2022,"81,621.40","82,486.60","82,486.60","81,333.00",274.13K,-1.14%
22/07/2022,"82,558.70","82,198.20","83,496.10","82,198.20",456.00K,0.44%
21/07/2022,"82,198.20","81,981.90","82,702.90","80,756.10",862.13K,0.35%
20/07/2022,"81,909.80","81,333.00","82,414.50","80,179.30",1.20M,2.81%
19/07/2022,"79,674.60","81,837.70","81,837.70","79,674.60",682.00K,-2.64%
18/07/2022,"81,837.70","82,919.20","82,919.20","81,477.20",638.00K,0.00%
15/07/2022,"81,837.70","83,784.50","83,784.50","80,756.10",910.53K,-1.73%
14/07/2022,"83,279.80","82,558.70","83,279.80","81,333.00",484.00K,0.43%
13/07/2022,"82,919.20","84,217.10","84,217.10","82,198.20",652.53K,-1.54%
12/7/2022,"84,217.10","81,477.20","84,289.20","80,900.30",492.93K,1.13%
11/7/2022,"83,279.80","84,505.50","84,505.50","80,756.10",703.33K,-0.43%
8/7/2022,"83,640.30","84,433.40","84,433.40","82,847.10",612.27K,0.00%
7/7/2022,"83,640.30","80,756.10","83,640.30","79,314.10",821.07K,3.57%
6/7/2022,"80,756.10","81,693.50","83,640.30","80,756.10",1.36M,-5.56%
5/7/2022,"85,515.00","89,264.40","89,264.40","83,063.40",2.10M,-4.20%
4/7/2022,"89,264.40","93,590.60","93,590.60","88,687.50",1.07M,-3.43%
1/7/2022,"92,436.90","92,292.70","92,653.20","88,327.00",1.27M,-0.23%
30/06/2022,"92,653.20","93,662.70","93,734.80","91,499.60",934.40K,-0.77%
29/06/2022,"93,374.30","91,643.80","93,590.60","90,129.60",1.24M,0.00%
28/06/2022,"93,374.30","92,653.20","93,590.60","92,292.70",744.67K,0.00%
27/06/2022,"93,374.30","88,182.80","93,374.30","88,182.80",2.70M,6.15%
24/06/2022,"87,966.50","86,957.00","89,408.60","86,019.70",938.53K,1.24%
23/06/2022,"86,884.90","82,919.20","86,884.90","82,702.90",727.07K,4.42%
22/06/2022,"83,207.70","84,714.00","86,435.60","81,773.10",914.53K,-3.17%
21/06/2022,"85,933.50","85,287.90","88,157.10","83,925.00",1.40M,1.53%
20/06/2022,"84,642.30","87,296.30","87,296.30","84,283.60",775.47K,-3.28%
17/06/2022,"87,511.50","82,562.10","87,511.50","82,562.10",1.77M,0.16%
16/06/2022,"87,368.10","86,076.90","87,655.00","84,355.40",1.21M,3.22%
15/06/2022,"84,642.30","82,490.40","84,642.30","79,764.60",1.77M,1.72%
14/06/2022,"83,207.70","80,338.50","83,207.70","79,979.80",1.30M,3.29%
13/06/2022,"80,553.60","83,566.30","83,925.00","80,553.60",3.08M,-6.96%
10/6/2022,"86,579.00","91,743.60","91,743.60","86,579.00",1.47M,-6.07%
9/6/2022,"92,174.00","93,250.00","93,895.60","89,878.60",1.01M,0.39%
8/6/2022,"91,815.40","93,967.30","94,039.00","90,954.60",2.09M,0.00%
7/6/2022,"91,815.40","92,245.80","93,250.00","87,081.10",2.21M,2.40%
6/6/2022,"89,663.50","88,946.10","91,958.80","88,228.80",2.20M,1.46%
3/6/2022,"88,372.30","88,587.50","89,233.10","86,937.70",1.81M,0.00%
2/6/2022,"88,372.30","87,511.50","89,591.70","85,359.60",3.61M,5.03%
1/6/2022,"84,140.20","82,849.00","84,570.60","81,916.50",1.54M,2.09%
31/05/2022,"82,418.60","85,646.50","85,718.30","81,773.10",2.05M,-4.65%
30/05/2022,"86,435.60","87,870.20","87,941.90","85,574.80",1.62M,-1.47%
27/05/2022,"87,726.70","82,490.40","87,726.70","81,916.50",3.41M,7.00%
26/05/2022,"81,988.30","82,777.30","83,207.70","81,916.50",643.20K,-0.95%
25/05/2022,"82,777.30","77,469.20","82,777.30","75,317.30",2.28M,6.95%
24/05/2022,"77,397.50","75,245.60","77,397.50","74,600.00",798.93K,3.25%
23/05/2022,"74,958.70","76,823.60","76,823.60","73,524.00",550.53K,-1.42%
20/05/2022,"76,034.60","75,317.30","76,034.60","73,954.40",644.80K,3.82%
19/05/2022,"73,237.10","72,376.30","75,317.30","72,161.20",543.60K,0.00%
18/05/2022,"73,237.10","73,882.70","75,102.10","72,017.70",771.73K,-0.97%
17/05/2022,"73,954.40","70,296.20","74,743.50","69,435.40",579.20K,5.20%
16/05/2022,"70,296.20","72,448.10","72,806.70","69,865.80",423.60K,0.51%
13/05/2022,"69,937.50","74,384.80","75,317.30","69,363.70",1.14M,-3.56%
12/5/2022,"72,519.80","75,245.60","76,895.40","72,519.80",1.04M,-5.51%
11/5/2022,"76,751.90","73,882.70","76,751.90","72,448.10",933.60K,3.88%
10/5/2022,"73,882.70","68,287.70","74,169.60","67,068.30",844.93K,3.94%
9/5/2022,"71,085.20","75,676.00","76,393.30","71,085.20",1.50M,-6.95%
6/5/2022,"76,393.30","77,469.20","78,760.40","76,034.60",884.27K,-3.18%
5/5/2022,"78,903.80","79,262.50","79,621.10","76,393.30",679.87K,1.57%
4/5/2022,"77,684.40","77,469.20","78,903.80","76,393.30",632.27K,0.28%
29/04/2022,"77,469.20","76,393.30","78,545.20","76,393.30",613.33K,1.69%
28/04/2022,"76,178.10","76,751.90","78,545.20","76,178.10",622.53K,-0.75%
27/04/2022,"76,751.90","76,751.90","79,621.10","73,739.20",1.08M,-0.37%
26/04/2022,"77,038.80","74,241.30","77,612.70","72,448.10",1.33M,0.37%
25/04/2022,"76,751.90","82,490.40","82,490.40","76,751.90",2.44M,-6.96%
22/04/2022,"82,490.40","86,722.50","86,722.50","80,195.00",3.81M,-3.36%
21/04/2022,"85,359.60","86,722.50","87,368.10","85,359.60",1.90M,0.08%
20/04/2022,"85,287.90","85,216.10","86,866.00","84,283.60",1.35M,0.00%
19/04/2022,"85,287.90","88,659.20","88,802.70","85,287.90",1.48M,-6.09%
18/04/2022,"90,821.40","88,321.10","91,189.10","86,923.80",3.29M,5.47%
15/04/2022,"86,114.90","85,967.80","88,541.70","84,717.60",1.10M,0.09%
14/04/2022,"86,041.30","86,335.50","89,350.60","85,673.60",1.67M,0.86%
13/04/2022,"85,305.90","82,658.50","85,673.60","82,437.90",1.34M,3.20%
12/4/2022,"82,658.50","84,570.50","85,305.90","82,364.40",1.64M,-1.83%
8/4/2022,"84,202.90","84,644.10","86,041.30","83,761.60",1.06M,-0.52%
7/4/2022,"84,644.10","86,850.30","88,541.70","84,423.50",1.99M,-2.54%
6/4/2022,"86,850.30","85,673.60","88,688.80","84,938.20",2.43M,0.25%
5/4/2022,"86,629.70","85,673.60","88,100.50","85,673.60",721.07K,1.03%
4/4/2022,"85,747.20","86,262.00","88,247.50","85,673.60",1.44M,-0.51%
1/4/2022,"86,188.40","80,893.60","86,923.80","80,820.00",5.01M,6.06%
31/03/2022,"81,261.30","79,790.50","81,629.00","79,275.70",843.60K,2.03%
30/03/2022,"79,643.40","82,290.80","83,026.20","79,422.80",1.27M,-1.99%
29/03/2022,"81,261.30","80,893.60","82,290.80","80,158.20",1.82M,2.13%
28/03/2022,"79,569.90","80,893.60","81,408.30","79,569.90",1.36M,0.00%
25/03/2022,"79,569.90","78,687.40","80,525.90","78,393.20",868.80K,1.12%
24/03/2022,"78,687.40","78,687.40","80,084.60","77,437.20",776.93K,1.81%
23/03/2022,"77,290.10","79,422.80","80,452.30","76,554.70",675.33K,-1.78%
22/03/2022,"78,687.40","78,393.20","80,673.00","78,246.10",1.24M,1.33%
21/03/2022,"77,657.80","76,187.00","77,878.40","76,113.50",947.73K,2.03%
18/03/2022,"76,113.50","75,304.60","77,584.30","75,304.60",904.93K,0.49%
17/03/2022,"75,745.80","75,598.70","75,966.40","75,010.40",920.40K,0.19%
16/03/2022,"75,598.70","75,304.60","76,187.00","73,907.30",793.07K,-0.10%
15/03/2022,"75,672.30","73,171.90","75,745.80","72,510.10",1.09M,4.47%
14/03/2022,"72,436.50","76,334.10","76,334.10","72,436.50",2.65M,-5.74%
11/3/2022,"76,848.90","78,687.40","79,422.80","76,187.00",1.76M,-3.51%
10/3/2022,"79,643.40","80,525.90","80,525.90","78,834.50",1.48M,-1.99%
9/3/2022,"81,261.30","78,687.40","82,364.40","78,393.20",3.06M,4.25%
8/3/2022,"77,952.00","80,158.20","80,893.60","77,584.30",1.81M,-1.85%
7/3/2022,"79,422.80","78,834.50","82,364.40","78,834.50",4.15M,2.27%
4/3/2022,"77,657.80","75,098.50","78,169.70","75,098.50",2.13M,2.12%
3/3/2022,"76,049.10","76,049.10","76,780.30","74,586.60",1.11M,0.58%
2/3/2022,"75,610.30","76,780.30","76,780.30","73,709.10",1.62M,-1.52%
1/3/2022,"76,780.30","74,659.70","77,511.60","74,659.70",1.53M,1.94%
28/02/2022,"75,317.80","78,242.80","79,485.90","75,317.80",3.05M,-4.45%
25/02/2022,"78,827.80","79,705.30","80,436.50","77,804.10",2.14M,-1.10%
24/02/2022,"79,705.30","80,363.40","82,484.00","79,705.30",2.38M,-0.55%
23/02/2022,"80,144.00","80,436.50","82,995.90","79,705.30",1.53M,-0.36%
22/02/2022,"80,436.50","77,804.10","82,630.20","76,853.40",3.76M,3.29%
21/02/2022,"77,877.20","78,242.80","78,242.80","76,707.20",924.53K,-0.47%
18/02/2022,"78,242.80","78,242.80","79,632.20","78,242.80",760.80K,-0.83%
17/02/2022,"78,900.90","77,877.20","78,900.90","77,730.90",1.23M,1.51%
16/02/2022,"77,730.90","76,780.30","77,950.30","76,414.70",1.01M,0.76%
15/02/2022,"77,145.90","75,975.90","77,438.40","75,829.70",826.40K,0.86%
14/02/2022,"76,487.80","76,780.30","76,853.40","76,122.20",710.93K,-0.19%
11/2/2022,"76,634.10","75,317.80","77,877.20","74,586.60",713.20K,1.45%
10/2/2022,"75,537.20","75,683.50","75,829.70","74,294.10",1.10M,0.00%
9/2/2022,"75,537.20","76,707.20","76,707.20","75,317.80",1.50M,-1.62%
8/2/2022,"76,780.30","77,584.70","78,315.90","76,049.10",1.04M,-2.14%
7/2/2022,"78,462.20","75,756.60","78,974.00","75,756.60",1.62M,3.17%
28/01/2022,"76,049.10","73,124.10","76,049.10","73,124.10",1.34M,2.97%
27/01/2022,"73,855.40","73,124.10","74,221.00","73,051.00",1.23M,0.00%
26/01/2022,"73,855.40","71,369.10","73,855.40","70,784.10",2.49M,4.12%
25/01/2022,"70,930.40","70,784.10","71,296.00","69,906.60",863.07K,0.10%
24/01/2022,"70,857.30","69,833.50","71,881.00","68,809.80",1.16M,1.47%
21/01/2022,"69,833.50","69,102.30","69,833.50","69,029.20",953.73K,1.17%
20/01/2022,"69,029.20","68,005.40","69,102.30","68,005.40",505.20K,0.85%
19/01/2022,"68,444.20","68,151.70","68,444.20","67,274.20",447.60K,0.32%
18/01/2022,"68,224.80","67,420.40","68,371.00","67,347.30",464.00K,-0.21%
17/01/2022,"68,371.00","68,078.50","68,736.70","67,712.90",677.60K,-0.43%
14/01/2022,"68,663.50","67,054.80","68,956.00","67,054.80",385.07K,-0.21%
13/01/2022,"68,809.80","70,199.10","70,199.10","68,078.50",442.53K,1.51%
12/1/2022,"67,786.00","68,809.80","68,809.80","67,712.90",621.87K,-1.49%
11/1/2022,"68,809.80","68,151.70","69,102.30","67,566.70",515.20K,0.97%
10/1/2022,"68,151.70","68,590.40","68,590.40","68,005.40",711.20K,-0.75%
7/1/2022,"68,663.50","69,175.40","69,175.40","68,444.20",398.53K,-0.74%
6/1/2022,"69,175.40","69,614.20","70,126.00","69,102.30",385.33K,-0.53%
5/1/2022,"69,541.00","70,199.10","70,637.90","69,541.00",760.40K,-1.45%
4/1/2022,"70,564.80","70,345.40","70,564.80","69,760.40",478.27K,0.31%
31/12/2021,"70,345.40","68,444.20","71,296.00","67,712.90",810.40K,4.00%
30/12/2021,"67,639.80","68,736.70","68,736.70","67,639.80",810.00K,-0.75%
29/12/2021,"68,151.70","70,199.10","70,199.10","68,151.70",401.07K,-2.51%
28/12/2021,"69,906.60","70,711.00","70,711.00","69,102.30",412.67K,-0.42%
27/12/2021,"70,199.10","69,541.00","70,199.10","67,639.80",302.93K,1.37%
24/12/2021,"69,248.50","69,029.20","69,321.70","68,517.30",333.87K,1.07%
23/12/2021,"68,517.30","69,102.30","69,833.50","67,201.10",472.00K,-0.85%
22/12/2021,"69,102.30","69,687.30","70,052.90","68,736.70",264.00K,-0.32%
21/12/2021,"69,321.70","68,371.00","69,321.70","68,297.90",362.67K,0.64%
20/12/2021,"68,882.90","68,956.00","70,052.90","68,882.90",671.60K,-1.36%
17/12/2021,"69,833.50","69,394.80","69,979.80","69,102.30",357.07K,1.92%
16/12/2021,"68,517.30","70,199.10","70,857.30","68,297.90",575.47K,-2.40%
15/12/2021,"70,199.10","70,345.40","70,857.30","70,052.90",307.87K,-0.21%
14/12/2021,"70,345.40","71,296.00","71,954.10","69,979.80",404.80K,-2.33%
13/12/2021,"72,027.20","71,296.00","72,173.50","70,930.40",516.00K,1.23%
10/12/2021,"71,149.80","70,930.40","71,734.80","70,272.30",524.13K,-1.22%
9/12/2021,"72,027.20","70,199.10","73,124.10","69,906.60",727.33K,2.60%
8/12/2021,"70,199.20","69,181.80","71,579.90","68,891.10",522.67K,2.99%
7/12/2021,"68,164.40","66,856.30","68,164.40","66,638.30",1.05M,2.85%
6/12/2021,"66,275.00","68,382.40","69,545.10","66,275.00",809.87K,-2.98%
3/12/2021,"68,309.70","71,289.20","71,289.20","68,309.70",957.33K,-3.49%
2/12/2021,"70,780.50","70,489.80","71,870.60","70,489.80",575.47K,0.10%
1/12/2021,"70,707.80","71,216.50","72,306.60","70,707.80",482.80K,-0.61%
30/11/2021,"71,143.90","72,669.90","72,887.90","70,344.50",1.41M,-0.20%
29/11/2021,"71,289.20","71,943.20","73,760.00","70,853.20",2.02M,-3.35%
26/11/2021,"73,760.00","75,576.70","76,303.40","73,760.00",1.08M,-2.50%
25/11/2021,"75,649.40","76,303.40","77,756.80","75,649.40",680.53K,-1.51%
24/11/2021,"76,812.10","76,303.40","77,030.10","75,576.70",397.73K,0.00%
23/11/2021,"76,812.10","74,486.70","76,812.10","74,486.70",654.67K,1.63%
22/11/2021,"75,576.70","74,341.30","76,230.80","74,341.30",558.00K,1.66%
19/11/2021,"74,341.30","77,320.80","77,756.80","73,396.60",1.19M,-3.67%
18/11/2021,"77,175.50","77,102.80","79,210.20","77,030.10",501.73K,-0.19%
17/11/2021,"77,320.80","78,483.50","78,628.90","77,030.10",615.20K,-1.48%
16/11/2021,"78,483.50","80,300.30","80,300.30","77,030.10",1.09M,-2.53%
15/11/2021,"80,518.30","80,663.60","81,390.30","79,210.20",1.19M,0.82%
12/11/2021,"79,864.30","75,940.10","79,936.90","75,213.40",1.10M,5.17%
11/11/2021,"75,940.10","76,884.80","80,082.30","74,486.70",1.40M,1.46%
10/11/2021,"74,850.00","76,739.50","77,466.20","72,669.90",920.00K,-2.83%
9/11/2021,"77,030.10","78,483.50","78,701.50","76,666.80",959.47K,-1.85%
8/11/2021,"78,483.50","78,192.90","79,137.60","77,611.50",563.07K,0.00%
5/11/2021,"78,483.50","75,576.70","78,483.50","73,978.00",1.24M,3.85%
4/11/2021,"75,576.70","76,158.10","76,303.40","74,123.30",896.93K,-0.48%
3/11/2021,"75,940.10","75,504.10","76,158.10","73,978.00",1.25M,-0.48%
2/11/2021,"76,303.40","74,050.70","76,303.40","73,251.30",678.93K,3.86%
1/11/2021,"73,469.30","75,576.70","76,012.80","73,396.60",906.13K,-2.79%
29/10/2021,"75,576.70","73,542.00","76,230.80","73,324.00",2.23M,2.36%
28/10/2021,"73,832.70","74,123.30","74,850.00","73,396.60",837.60K,-0.29%
27/10/2021,"74,050.70","71,434.50","74,123.30","71,434.50",1.13M,3.66%
26/10/2021,"71,434.50","71,652.60","72,597.30","71,216.50",715.33K,-0.81%
25/10/2021,"72,015.90","71,579.90","73,033.30","71,361.90",543.60K,0.10%
22/10/2021,"71,943.20","71,870.60","71,943.20","70,925.90",380.67K,1.02%
21/10/2021,"71,216.50","73,396.60","73,396.60","71,143.90",866.67K,-1.01%
20/10/2021,"71,943.20","71,579.90","72,597.30","70,635.20",1.08M,1.02%
19/10/2021,"71,216.50","71,943.20","72,233.90","71,216.50",721.20K,-1.01%
18/10/2021,"71,943.20","72,742.60","73,396.60","71,216.50",1.06M,-1.49%
15/10/2021,"73,033.30","73,324.00","73,687.30","72,960.60",686.40K,-0.49%
14/10/2021,"73,396.60","72,742.60","74,123.30","72,742.60",777.87K,0.00%
13/10/2021,"73,396.60","73,324.00","74,196.00","72,306.60",625.60K,1.00%
12/10/2021,"72,669.90","73,832.70","74,123.30","72,669.90",532.27K,-1.96%
11/10/2021,"74,123.30","72,669.90","74,123.30","71,725.20",974.80K,2.51%
8/10/2021,"72,306.60","70,780.50","72,306.60","70,126.50",863.87K,2.58%
7/10/2021,"70,489.80","71,289.20","71,943.20","70,489.80",552.40K,-1.12%
6/10/2021,"71,289.20","70,489.80","71,507.20","69,472.50",508.00K,1.13%
5/10/2021,"70,489.80","70,707.80","71,216.50","69,981.10",730.67K,-1.82%
4/10/2021,"71,797.90","71,943.20","72,669.90","70,489.80",578.67K,-0.20%
1/10/2021,"71,943.20","70,489.80","72,306.60","70,489.80",814.27K,0.30%
30/09/2021,"71,725.20","67,655.70","71,725.20","67,583.00",2.39M,5.79%
29/09/2021,"67,801.10","67,001.70","67,801.10","67,001.70",487.60K,0.32%
28/09/2021,"67,583.00","66,129.60","67,583.00","65,839.00",1.03M,2.20%
27/09/2021,"66,129.60","66,565.70","67,946.40","65,984.30",614.80K,-1.09%
24/09/2021,"66,856.30","67,001.70","67,001.70","66,420.30",394.40K,-0.22%
23/09/2021,"67,001.70","67,655.70","67,655.70","66,856.30",494.80K,-0.97%
22/09/2021,"67,655.70","65,839.00","67,655.70","65,039.60",917.73K,3.33%
21/09/2021,"65,475.60","65,184.90","66,129.60","64,821.60",659.87K,-0.99%
20/09/2021,"66,129.60","66,856.30","66,856.30","65,911.60",586.80K,-1.62%
17/09/2021,"67,219.70","67,583.00","67,583.00","66,275.00",462.27K,-0.54%
16/09/2021,"67,583.00","66,420.30","67,583.00","66,129.60",856.27K,1.20%
15/09/2021,"66,783.70","64,312.90","66,783.70","64,312.90",720.80K,3.26%
14/09/2021,"64,676.20","66,783.70","66,856.30","64,676.20",1.12M,-3.26%
13/09/2021,"66,856.30","67,583.00","68,309.70","66,275.00",641.33K,-2.13%
10/9/2021,"68,309.70","65,839.00","68,309.70","65,402.90",1.42M,3.87%
9/9/2021,"65,766.30","62,132.80","65,766.30","62,132.80",1.68M,4.99%
8/9/2021,"62,641.50","62,641.50","62,714.20","62,350.80",887.60K,0.00%
7/9/2021,"62,641.50","63,295.50","63,368.20","62,496.10",1.39M,-0.35%
6/9/2021,"62,859.50","62,714.20","63,077.50","62,132.80",964.27K,1.41%
1/9/2021,"61,987.50","62,132.80","62,423.50","61,696.80",1.40M,-0.81%
31/08/2021,"62,496.10","62,786.80","62,859.50","62,423.50",706.67K,-0.46%
30/08/2021,"62,786.80","62,496.10","63,222.80","62,278.10",1.04M,0.70%
27/08/2021,"62,350.80","62,714.20","64,022.20","61,769.40",1.47M,-0.46%
26/08/2021,"62,641.50","64,676.20","65,402.90","62,641.50",788.27K,-3.15%
25/08/2021,"64,676.20","64,312.90","65,039.60","64,022.20",408.27K,0.79%
24/08/2021,"64,167.60","64,530.90","65,184.90","64,094.90",638.00K,-0.23%
23/08/2021,"64,312.90","64,748.90","66,129.60","64,312.90",1.12M,-3.28%
20/08/2021,"66,493.00","68,309.70","69,036.40","66,057.00",555.73K,-2.66%
19/08/2021,"68,309.70","69,036.40","69,763.10","68,309.70",1.12M,-0.74%
18/08/2021,"68,818.40","69,690.50","69,690.50","68,745.80",684.93K,-0.84%
17/08/2021,"69,399.80","68,891.10","69,690.50","68,600.40",421.33K,1.06%
16/08/2021,"68,673.10","68,673.10","69,036.40","68,309.70",598.53K,0.00%
13/08/2021,"68,673.10","69,036.40","69,036.40","67,583.00",699.73K,0.00%
12/8/2021,"68,673.10","69,690.50","69,690.50","68,527.70",592.53K,-0.94%
11/8/2021,"69,327.10","69,617.80","69,981.10","69,254.40",467.73K,-0.42%
10/8/2021,"69,617.80","69,981.10","70,344.50","69,399.80",586.40K,-0.73%
9/8/2021,"70,126.50","70,853.20","70,853.20","69,690.50",562.00K,0.31%
6/8/2021,"69,908.50","69,327.10","70,199.20","69,109.10",522.13K,0.42%
5/8/2021,"69,617.80","69,835.80","70,126.50","69,036.40",464.00K,-0.73%
4/8/2021,"70,126.50","71,071.20","71,071.20","69,545.10",566.27K,0.00%
3/8/2021,"70,126.50","70,126.50","70,126.50","68,963.80",689.20K,0.94%
2/8/2021,"69,472.50","69,545.10","69,690.50","68,091.70",716.27K,-0.21%
30/07/2021,"69,617.80","67,292.40","69,617.80","67,219.70",1.33M,3.01%
29/07/2021,"67,583.00","67,510.40","67,583.00","65,548.30",977.07K,3.22%
28/07/2021,"65,475.60","65,475.60","66,129.60","65,330.30",527.87K,0.00%
27/07/2021,"65,475.60","66,783.70","67,437.70","65,402.90",1.24M,-0.66%
26/07/2021,"65,911.60","66,057.00","66,856.30","65,330.30",715.73K,-0.33%
23/07/2021,"66,129.60","68,237.10","68,309.70","66,129.60",779.47K,-2.26%
22/07/2021,"67,655.70","66,129.60","68,891.10","65,911.60",554.93K,2.08%
21/07/2021,"66,275.00","66,129.60","66,856.30","65,402.90",710.13K,-0.87%
20/07/2021,"66,856.30","67,219.70","67,365.00","63,876.90",1.05M,0.44%
19/07/2021,"66,565.70","69,036.40","70,126.50","66,565.70",1.22M,-4.58%
16/07/2021,"69,763.10","69,763.10","70,126.50","69,181.80",651.87K,0.95%
15/07/2021,"69,109.10","69,763.10","70,199.20","68,309.70",1.39M,-0.94%
14/07/2021,"69,763.10","74,486.70","74,486.70","69,763.10",1.06M,-3.23%
13/07/2021,"72,088.60","75,213.40","75,213.40","71,652.60",709.33K,-2.84%
12/7/2021,"74,196.00","76,303.40","78,120.20","71,361.90",2.29M,-3.22%
9/7/2021,"76,666.80","75,649.40","79,282.90","75,358.70",1.41M,-0.09%
8/7/2021,"76,739.50","78,483.50","78,483.50","76,158.10",1.16M,-0.85%
7/7/2021,"77,393.50","72,669.90","77,393.50","72,379.30",2.40M,6.93%
6/7/2021,"72,379.30","72,161.20","74,850.00","72,161.20",1.77M,0.30%
5/7/2021,"72,161.20","73,760.00","73,760.00","71,797.90",1.12M,-0.20%
2/7/2021,"72,306.60","72,815.30","72,815.30","71,943.20",579.33K,-0.70%
1/7/2021,"72,815.30","73,178.60","73,542.00","72,306.60",456.80K,0.10%
30/06/2021,"72,742.60","71,943.20","73,396.60","71,725.20",851.73K,1.52%
29/06/2021,"71,652.60","71,289.20","71,943.20","71,289.20",400.67K,0.51%
28/06/2021,"71,289.20","70,635.20","71,361.90","70,635.20",331.47K,0.72%
25/06/2021,"70,780.50","71,216.50","71,434.50","70,489.80",292.27K,-0.71%
24/06/2021,"71,289.20","71,797.90","72,161.20","71,289.20",236.67K,-0.71%
23/06/2021,"71,797.90","72,161.20","72,161.20","71,507.20",289.33K,0.30%
22/06/2021,"71,579.90","71,943.20","72,306.60","71,361.90",373.60K,0.41%
21/06/2021,"71,289.20","71,943.20","71,943.20","70,344.50",523.87K,0.10%
18/06/2021,"71,216.50","71,797.90","71,797.90","69,763.10",427.07K,2.62%
17/06/2021,"69,399.80","69,036.40","69,908.50","68,745.80",490.00K,0.42%
16/06/2021,"69,109.10","69,763.10","70,199.20","69,036.40",642.40K,-0.94%
15/06/2021,"69,763.10","70,126.50","70,780.50","69,763.10",509.47K,-1.03%
14/06/2021,"70,489.80","71,216.50","71,289.20","70,489.80",467.33K,0.10%
11/6/2021,"70,417.20","69,109.10","71,579.90","69,109.10",434.53K,1.15%
10/6/2021,"69,617.80","71,071.20","71,071.20","69,036.40",382.80K,0.00%
9/6/2021,"69,617.80","69,617.80","70,126.50","68,891.10",576.53K,-0.21%
8/6/2021,"69,763.10","73,033.30","73,033.30","69,763.10",733.73K,-3.61%
7/6/2021,"72,379.30","73,396.60","74,050.70","71,943.20",595.60K,-0.99%
4/6/2021,"73,106.00","72,960.60","73,542.00","72,960.60",444.93K,-0.59%
3/6/2021,"73,542.00","74,777.40","74,777.40","73,106.00",502.40K,0.70%
2/6/2021,"73,033.30","72,669.90","75,140.70","72,597.30",880.27K,0.00%
1/6/2021,"73,033.30","73,106.00","73,396.60","72,669.90",470.93K,-0.40%
31/05/2021,"73,324.00","74,414.00","74,486.70","72,669.90",575.60K,-0.10%
28/05/2021,"73,396.60","73,251.30","74,850.00","73,251.30",586.00K,-0.59%
27/05/2021,"73,832.70","74,850.00","74,850.00","73,396.60",466.27K,-0.20%
26/05/2021,"73,978.00","75,358.70","75,358.70","73,251.30",886.13K,-0.10%
25/05/2021,"74,050.70","73,469.30","75,576.70","72,815.30",806.40K,0.00%
24/05/2021,"74,050.70","74,850.00","75,576.70","73,760.00",554.93K,0.10%
21/05/2021,"73,978.00","71,943.20","76,230.80","71,652.60",935.20K,2.52%
20/05/2021,"72,161.20","68,309.70","72,306.60","68,309.70",1.37M,6.20%
19/05/2021,"67,946.40","67,728.40","68,309.70","67,365.00",334.27K,0.00%
18/05/2021,"67,946.40","68,963.80","68,963.80","67,946.40",349.07K,-0.53%
17/05/2021,"68,309.70","69,617.80","69,617.80","68,309.70",271.87K,-0.21%
14/05/2021,"68,455.10","68,382.40","69,399.80","68,019.10",408.67K,-0.11%
13/05/2021,"68,527.70","69,690.50","70,344.50","68,527.70",446.93K,-1.57%
12/5/2021,"69,617.80","68,891.10","69,690.50","68,309.70",279.47K,1.91%
11/5/2021,"68,309.70","69,036.40","69,690.50","68,309.70",495.73K,0.43%
10/5/2021,"68,019.10","69,399.80","69,399.80","68,019.10",521.87K,-1.99%
7/5/2021,"69,399.80","69,763.10","70,126.50","68,309.70",842.00K,-0.52%
6/5/2021,"69,763.10","71,216.50","71,216.50","69,763.10",669.47K,-1.03%
5/5/2021,"70,489.80","70,489.80","71,216.50","69,908.50",747.20K,1.89%
4/5/2021,"69,181.80","69,835.80","70,853.20","69,181.80",373.20K,-2.86%
29/04/2021,"71,216.50","69,690.50","71,216.50","69,036.40",1.63M,2.40%
28/04/2021,"69,545.10","68,019.10","69,763.10","67,873.70",779.07K,-0.31%
27/04/2021,"69,763.10","66,856.30","69,763.10","66,856.30",686.27K,1.05%
26/04/2021,"69,036.40","69,763.10","69,763.10","67,946.40",729.73K,-1.04%
23/04/2021,"69,763.10","68,237.10","70,344.50","66,493.00",1.79M,2.24%
22/04/2021,"68,237.10","68,309.70","68,527.70","67,801.10",945.47K,-0.53%
20/04/2021,"68,600.40","68,382.40","69,036.40","67,583.00",918.53K,0.43%
