"Ngày","Lần cuối","Mở","Cao","Thấp","KL","% Thay đổi"
"18/04/2025","56,600.0","56,700.0","57,300.0","56,600.0","3.04M","1.07%"
"17/04/2025","56,000.0","55,500.0","56,600.0","54,800.0","7.22M","0.00%"
"16/04/2025","56,000.0","56,400.0","57,200.0","56,000.0","3.74M","-0.53%"
"15/04/2025","56,300.0","56,700.0","57,500.0","56,300.0","4.16M","-1.05%"
"14/04/2025","56,900.0","57,900.0","57,900.0","56,500.0","5.48M","-1.04%"
"11/04/2025","57,500.0","55,600.0","58,400.0","55,600.0","9.16M","3.42%"
"10/04/2025","55,600.0","55,600.0","55,600.0","55,600.0","1.51M","6.92%"
"09/04/2025","52,000.0","51,400.0","55,200.0","51,400.0","9.88M","-4.59%"
"08/04/2025","54,500.0","56,700.0","56,900.0","54,500.0","13.32M","-6.84%"
"04/04/2025","58,500.0","54,000.0","58,800.0","53,800.0","9.78M","3.54%"
"03/04/2025","56,500.0","59,500.0","59,600.0","56,300.0","16.94M","-6.61%"
"02/04/2025","60,500.0","60,700.0","61,400.0","60,500.0","4.68M","-0.49%"
"01/04/2025","60,800.0","61,200.0","61,200.0","60,300.0","3.13M","0.33%"
"31/03/2025","60,600.0","60,800.0","61,600.0","60,600.0","5.30M","0.50%"
"28/03/2025","60,300.0","61,000.0","61,100.0","60,200.0","5.43M","-1.31%"
"27/03/2025","61,100.0","61,200.0","61,500.0","61,100.0","2.23M","-0.16%"
"26/03/2025","61,200.0","61,500.0","61,900.0","61,200.0","1.85M","-0.33%"
"25/03/2025","61,400.0","61,700.0","61,700.0","61,200.0","2.32M","0.00%"
"24/03/2025","61,400.0","61,400.0","62,000.0","61,100.0","2.49M","0.16%"
"21/03/2025","61,300.0","61,800.0","61,800.0","61,200.0","3.33M","-0.81%"
"20/03/2025","61,800.0","62,200.0","62,200.0","61,300.0","3.89M","-0.80%"
"19/03/2025","62,300.0","62,700.0","62,800.0","61,900.0","3.04M","-0.32%"
"18/03/2025","62,500.0","63,100.0","63,100.0","62,500.0","3.28M","-0.79%"
"17/03/2025","63,000.0","62,400.0","63,400.0","62,400.0","4.06M","1.45%"
"14/03/2025","62,100.0","62,400.0","62,700.0","62,100.0","2.70M","0.16%"
"13/03/2025","62,000.0","62,300.0","62,900.0","61,900.0","5.10M","-0.32%"
"12/03/2025","62,200.0","62,500.0","62,800.0","62,200.0","2.76M","-0.32%"
"11/03/2025","62,400.0","62,300.0","62,500.0","62,100.0","2.29M","-0.16%"
"10/03/2025","62,500.0","63,000.0","63,000.0","62,500.0","2.53M","-0.32%"
"07/03/2025","62,700.0","62,900.0","63,000.0","62,400.0","2.66M","-0.32%"
"06/03/2025","62,900.0","62,700.0","62,900.0","62,200.0","3.13M","0.32%"
"05/03/2025","62,700.0","63,600.0","63,600.0","62,700.0","2.28M","-1.26%"
"04/03/2025","63,500.0","63,200.0","63,800.0","62,900.0","6.04M","0.47%"
"03/03/2025","63,200.0","62,800.0","63,200.0","62,300.0","3.61M","1.61%"
"28/02/2025","62,200.0","62,300.0","63,200.0","62,200.0","4.18M","0.00%"
"27/02/2025","62,200.0","63,200.0","63,200.0","62,200.0","3.52M","-1.43%"
"26/02/2025","63,100.0","63,000.0","63,400.0","62,900.0","3.64M","0.32%"
"25/02/2025","62,900.0","64,000.0","64,000.0","62,600.0","3.88M","-1.41%"
"24/02/2025","63,800.0","61,600.0","63,900.0","61,600.0","11.51M","3.91%"
"21/02/2025","61,400.0","60,800.0","62,100.0","60,600.0","4.72M","1.15%"
"20/02/2025","60,700.0","60,900.0","60,900.0","60,600.0","2.63M","-0.16%"
"19/02/2025","60,800.0","60,300.0","60,900.0","60,300.0","3.07M","0.83%"
"18/02/2025","60,300.0","60,400.0","60,500.0","60,000.0","2.44M","0.50%"
"17/02/2025","60,000.0","60,400.0","60,600.0","60,000.0","3.61M","-0.50%"
"14/02/2025","60,300.0","60,700.0","60,700.0","60,300.0","6.40M","-0.66%"
"13/02/2025","60,700.0","61,000.0","61,000.0","60,400.0","2.58M","-0.49%"
"12/02/2025","61,000.0","60,600.0","61,000.0","60,500.0","2.76M","0.99%"
"11/02/2025","60,400.0","60,600.0","60,700.0","60,100.0","3.43M","-0.33%"
"10/02/2025","60,600.0","61,200.0","61,200.0","60,600.0","2.59M","-0.33%"
"07/02/2025","60,800.0","60,700.0","61,200.0","60,600.0","2.55M","0.16%"
"06/02/2025","60,700.0","61,500.0","61,600.0","60,500.0","3.02M","-1.30%"
"05/02/2025","61,500.0","60,400.0","61,500.0","60,400.0","3.20M","2.16%"
"04/02/2025","60,200.0","60,600.0","60,900.0","60,000.0","7.13M","-0.50%"
"03/02/2025","60,500.0","62,200.0","62,200.0","60,500.0","7.28M","-2.73%"
"24/01/2025","62,200.0","61,900.0","62,500.0","61,800.0","1.58M","0.32%"
"23/01/2025","62,000.0","61,600.0","62,300.0","61,600.0","1.78M","0.65%"
"22/01/2025","61,600.0","62,000.0","62,000.0","61,600.0","1.76M","-0.32%"
"21/01/2025","61,800.0","62,000.0","62,100.0","61,600.0","1.40M","-0.16%"
"20/01/2025","61,900.0","62,000.0","62,200.0","61,600.0","1.63M","-0.16%"
"17/01/2025","62,000.0","62,200.0","62,200.0","62,000.0","889.40K","0.16%"
"16/01/2025","61,900.0","62,300.0","62,600.0","61,700.0","1.68M","0.32%"
"15/01/2025","61,700.0","62,100.0","62,300.0","61,700.0","1.22M","0.16%"
"14/01/2025","61,600.0","61,400.0","61,800.0","61,300.0","1.15M","0.33%"
"13/01/2025","61,400.0","61,200.0","61,900.0","61,100.0","1.10M","0.16%"
"10/01/2025","61,300.0","61,700.0","61,900.0","61,300.0","1.19M","-0.81%"
"09/01/2025","61,800.0","61,800.0","61,900.0","61,300.0","1.50M","0.16%"
"08/01/2025","61,700.0","62,000.0","62,100.0","61,200.0","2.05M","0.00%"
"07/01/2025","61,700.0","62,600.0","63,000.0","61,600.0","2.80M","-1.28%"
"06/01/2025","62,500.0","63,000.0","63,200.0","62,500.0","2.10M","-0.79%"
"03/01/2025","63,000.0","63,200.0","63,300.0","62,900.0","1.78M","-0.16%"
"02/01/2025","63,100.0","63,600.0","63,800.0","63,100.0","1.34M","-0.47%"
"31/12/2024","63,400.0","63,400.0","63,800.0","63,300.0","1.64M","0.16%"
"30/12/2024","63,300.0","63,600.0","63,700.0","63,300.0","1.49M","-0.78%"
"27/12/2024","63,800.0","63,900.0","64,100.0","63,700.0","2.44M","0.00%"
"26/12/2024","63,800.0","64,200.0","64,200.0","63,800.0","1.71M","-0.16%"
"25/12/2024","63,900.0","63,900.0","64,396.1","63,900.0","1.30M","0.16%"
"24/12/2024","63,800.8","63,900.0","64,197.7","63,602.3","1.29M","-0.16%"
"23/12/2024","63,900.0","64,197.7","64,495.3","63,800.8","1.35M","-0.92%"
"20/12/2024","64,495.3","63,503.1","64,495.3","63,503.1","3.80M","1.72%"
"19/12/2024","63,403.9","63,900.0","63,999.2","63,403.9","2.63M","-1.24%"
"18/12/2024","64,197.7","64,495.3","64,594.6","64,197.7","1.61M","0.15%"
"17/12/2024","64,098.4","64,396.1","64,495.3","63,999.2","1.20M","-0.62%"
"16/12/2024","64,495.3","63,701.6","64,693.8","63,701.6","2.39M","1.25%"
"13/12/2024","63,701.6","63,800.8","63,999.2","63,602.3","1.40M","-0.62%"
"12/12/2024","64,098.4","63,701.6","64,396.1","63,701.6","2.25M","0.62%"
"11/12/2024","63,701.6","63,403.9","64,098.4","63,403.9","2.02M","0.47%"
"10/12/2024","63,403.9","63,602.3","63,900.0","63,403.9","1.71M","-0.31%"
"09/12/2024","63,602.3","63,999.2","63,999.2","63,503.1","1.76M","0.00%"
"06/12/2024","63,602.3","63,999.2","64,296.9","63,602.3","1.68M","-0.31%"
"05/12/2024","63,800.8","63,007.0","64,197.7","62,709.3","2.22M","1.58%"
"04/12/2024","62,808.5","63,304.7","63,403.9","62,808.5","2.75M","-0.94%"
"03/12/2024","63,403.9","64,098.4","64,098.4","63,403.9","2.43M","-0.93%"
"02/12/2024","63,999.2","64,098.4","64,296.9","63,701.6","1.23M","-0.15%"
"29/11/2024","64,098.4","63,999.2","64,296.9","63,800.8","1.11M","0.16%"
"28/11/2024","63,999.2","64,495.3","64,495.3","63,999.2","1.27M","-0.15%"
"27/11/2024","64,098.4","64,296.9","64,495.3","63,999.2","1.59M","-0.31%"
"26/11/2024","64,296.9","63,999.2","64,495.3","63,900.0","1.68M","0.78%"
"25/11/2024","63,800.8","63,800.8","64,098.4","63,701.6","2.45M","0.00%"
"22/11/2024","63,800.8","63,403.9","64,296.9","63,403.9","2.18M","0.63%"
"21/11/2024","63,403.9","63,205.4","63,602.3","62,907.8","2.25M","0.47%"
"20/11/2024","63,106.2","62,510.9","63,304.7","62,411.6","2.82M","0.95%"
"19/11/2024","62,510.9","62,808.5","63,007.0","62,510.9","2.73M","-0.32%"
"18/11/2024","62,709.3","63,205.4","63,701.6","62,709.3","3.75M","-0.78%"
"15/11/2024","63,205.4","64,396.1","64,396.1","63,205.4","3.69M","-2.00%"
"14/11/2024","64,495.3","64,495.3","64,495.3","64,197.7","1.78M","0.00%"
"13/11/2024","64,495.3","64,594.6","65,090.7","64,197.7","2.77M","0.15%"
"12/11/2024","64,396.1","64,693.8","65,189.9","64,296.9","1.73M","-0.46%"
"11/11/2024","64,693.8","65,189.9","65,289.1","64,197.7","2.74M","-0.76%"
"08/11/2024","65,189.9","65,487.6","65,686.0","65,090.7","1.59M","-0.30%"
"07/11/2024","65,388.4","65,487.6","65,686.0","65,090.7","1.15M","0.15%"
"06/11/2024","65,289.1","65,487.6","65,487.6","64,793.0","2.59M","0.46%"
"05/11/2024","64,991.5","65,189.9","65,487.6","64,991.5","1.06M","-0.15%"
"04/11/2024","65,090.7","65,388.4","66,082.9","65,090.7","2.12M","-0.30%"
"01/11/2024","65,289.1","65,586.8","65,785.2","65,090.7","2.18M","-0.45%"
"31/10/2024","65,586.8","66,082.9","66,082.9","64,793.0","5.17M","-0.30%"
"30/10/2024","65,785.2","66,479.8","66,777.5","65,785.2","3.43M","-1.04%"
"29/10/2024","66,479.8","66,777.5","66,777.5","66,281.4","2.03M","-0.30%"
"28/10/2024","66,678.3","67,174.4","67,472.0","66,182.1","2.92M","-1.18%"
"25/10/2024","67,472.0","68,067.4","68,067.4","67,372.8","2.17M","-0.58%"
"24/10/2024","67,868.9","66,777.5","68,464.3","66,777.5","4.37M","1.63%"
"23/10/2024","66,777.5","66,777.5","67,075.2","66,678.3","1.64M","0.00%"
"22/10/2024","66,777.5","66,777.5","67,273.6","66,678.3","2.25M","0.00%"
"21/10/2024","66,777.5","66,876.7","67,372.8","66,678.3","1.86M","-0.15%"
"18/10/2024","66,876.7","67,075.2","67,472.0","66,876.7","1.60M","-0.30%"
"17/10/2024","67,075.2","67,075.2","67,372.8","66,777.5","1.66M","0.15%"
"16/10/2024","66,975.9","66,281.4","67,571.3","66,281.4","2.00M","1.05%"
"15/10/2024","66,281.4","66,678.3","66,876.7","66,182.1","3.07M","-0.60%"
"14/10/2024","66,678.3","67,571.3","67,571.3","66,579.0","2.82M","-0.74%"
"11/10/2024","67,174.4","67,571.3","67,670.5","66,975.9","2.37M","0.00%"
"10/10/2024","67,174.4","67,769.7","68,265.8","67,174.4","2.62M","-0.15%"
"09/10/2024","67,273.6","67,769.7","68,067.4","67,273.6","3.53M","-0.59%"
"08/10/2024","67,670.5","66,678.3","67,670.5","66,678.3","2.89M","1.64%"
"07/10/2024","66,579.0","68,166.6","68,762.0","66,579.0","5.99M","-2.04%"
"04/10/2024","67,968.2","69,952.6","69,952.6","67,868.9","6.13M","-2.56%"
"03/10/2024","69,754.2","69,655.0","69,952.6","69,357.3","2.95M","0.29%"
"02/10/2024","69,555.7","69,655.0","69,655.0","69,059.6","2.14M","0.00%"
"01/10/2024","69,555.7","69,655.0","70,151.1","69,555.7","2.04M","0.00%"
"30/09/2024","69,555.7","70,448.8","70,448.8","69,555.7","2.04M","-1.27%"
"27/09/2024","70,448.8","70,250.3","70,647.2","70,151.1","2.97M","0.42%"
"26/09/2024","70,151.1","69,059.6","70,548.0","69,059.6","3.98M","1.58%"
"25/09/2024","69,059.6","69,754.2","69,853.4","69,059.6","4.52M","-1.00%"
"24/09/2024","69,754.2","70,448.8","70,448.8","69,555.7","2.08M","-0.21%"
"23/09/2024","69,903.0","70,094.8","70,190.6","69,615.3","2.93M","0.28%"
"20/09/2024","69,711.2","70,478.3","70,957.8","69,711.2","5.23M","-0.82%"
"19/09/2024","70,286.5","70,286.5","70,478.3","69,998.9","1.57M","0.00%"
"18/09/2024","70,286.5","70,574.2","70,861.9","69,998.9","2.85M","-0.14%"
"17/09/2024","70,382.4","69,040.0","70,382.4","68,752.3","2.39M","2.09%"
"16/09/2024","68,944.1","69,998.9","69,998.9","68,944.1","4.03M","-1.37%"
"13/09/2024","69,903.0","71,724.9","71,724.9","69,903.0","5.35M","-2.41%"
"12/09/2024","71,629.0","71,916.6","72,108.4","71,341.3","2.05M","0.13%"
"11/09/2024","71,533.1","71,724.9","72,012.5","70,861.9","3.17M","-0.40%"
"10/09/2024","71,820.8","71,724.9","72,396.1","71,245.4","3.33M","0.13%"
"09/09/2024","71,724.9","72,012.5","72,012.5","71,149.5","2.64M","-0.80%"
"06/09/2024","72,300.2","71,820.8","72,396.1","71,724.9","3.64M","0.94%"
"05/09/2024","71,629.0","71,245.4","72,300.2","71,053.6","5.86M","0.54%"
"04/09/2024","71,245.4","70,286.5","71,437.2","70,094.8","2.84M","0.54%"
"30/08/2024","70,861.9","70,574.2","71,724.9","70,382.4","3.68M","0.54%"
"29/08/2024","70,478.3","70,670.1","70,957.8","70,382.4","2.04M","-0.54%"
"28/08/2024","70,861.9","70,574.2","70,957.8","70,190.6","3.35M","0.54%"
"27/08/2024","70,478.3","70,382.4","70,766.0","69,615.3","4.27M","0.14%"
"26/08/2024","70,382.4","71,820.8","71,916.6","70,286.5","6.32M","-2.00%"
"23/08/2024","71,820.8","71,820.8","72,492.0","71,341.3","3.31M","0.94%"
"22/08/2024","71,149.5","72,875.5","72,875.5","70,574.2","6.03M","-1.46%"
"21/08/2024","72,204.3","72,108.4","72,971.4","72,012.5","3.99M","-0.40%"
"20/08/2024","72,492.0","72,875.5","73,067.3","72,204.3","4.18M","-0.53%"
"19/08/2024","72,875.5","70,957.8","72,875.5","70,766.0","7.92M","2.98%"
"16/08/2024","70,766.0","70,957.8","71,053.6","70,190.6","7.39M","0.00%"
"15/08/2024","70,766.0","70,957.8","71,533.1","70,670.1","4.26M","-0.27%"
"14/08/2024","70,957.8","70,957.8","71,053.6","70,286.5","5.46M","0.27%"
"13/08/2024","70,766.0","69,807.1","71,341.3","69,711.2","6.73M","1.10%"
"12/08/2024","69,998.9","70,286.5","71,341.3","69,807.1","5.80M","-0.41%"
"09/08/2024","70,286.5","69,807.1","70,382.4","69,519.4","4.53M","0.83%"
"08/08/2024","69,711.2","70,861.9","71,341.3","69,231.8","5.81M","-1.49%"
"07/08/2024","70,766.0","70,190.6","70,766.0","69,423.5","10.70M","1.51%"
"06/08/2024","69,711.2","67,409.9","70,286.5","67,122.2","13.50M","4.75%"
"05/08/2024","66,546.9","68,081.1","68,272.9","65,683.9","12.16M","-2.94%"
"02/08/2024","68,560.5","67,122.2","68,944.1","67,122.2","10.29M","1.71%"
"01/08/2024","67,409.9","68,848.2","68,944.1","67,218.1","8.87M","-1.82%"
"31/07/2024","68,656.4","65,683.9","69,040.0","65,683.9","21.14M","5.76%"
"30/07/2024","64,916.8","64,533.2","65,588.0","64,149.6","6.38M","0.74%"
"29/07/2024","64,437.3","63,478.4","64,820.9","63,190.8","5.78M","2.13%"
"26/07/2024","63,094.9","62,711.3","63,478.4","62,711.3","2.98M","0.30%"
"25/07/2024","62,903.1","62,903.1","62,999.0","62,615.4","1.96M","0.00%"
"24/07/2024","62,903.1","63,094.9","63,382.5","62,903.1","3.61M","-0.46%"
"23/07/2024","63,190.8","62,903.1","63,574.3","62,807.2","3.78M","0.76%"
"22/07/2024","62,711.3","62,615.4","63,286.6","62,519.5","2.65M","0.15%"
"19/07/2024","62,615.4","63,190.8","63,190.8","62,423.6","3.39M","-0.91%"
"18/07/2024","63,190.8","63,286.6","63,286.6","62,807.2","2.28M","0.30%"
"17/07/2024","62,999.0","63,478.4","63,766.1","62,903.1","3.46M","-0.61%"
"16/07/2024","63,382.5","63,670.2","63,957.9","63,382.5","2.24M","-0.15%"
"15/07/2024","63,478.4","63,574.3","64,149.6","63,478.4","2.16M","-0.15%"
"12/07/2024","63,574.3","63,670.2","63,862.0","63,382.5","2.08M","0.00%"
"11/07/2024","63,574.3","64,149.6","64,245.5","63,574.3","3.79M","-0.75%"
"10/07/2024","64,053.8","64,725.0","65,012.6","64,053.8","3.88M","-1.04%"
"09/07/2024","64,725.0","64,820.9","65,012.6","64,437.3","5.05M","-0.15%"
"08/07/2024","64,820.9","64,533.2","64,916.8","64,245.5","4.94M","0.60%"
"05/07/2024","64,437.3","63,670.2","64,725.0","63,670.2","4.18M","1.20%"
"04/07/2024","63,670.2","63,574.3","64,149.6","63,574.3","2.69M","0.30%"
"03/07/2024","63,478.4","63,478.4","63,574.3","63,286.6","1.33M","0.00%"
"02/07/2024","63,478.4","63,286.6","63,574.3","63,094.9","2.04M","0.30%"
"01/07/2024","63,286.6","63,094.9","63,286.6","62,615.4","1.91M","0.76%"
"28/06/2024","62,807.2","62,807.2","63,286.6","62,615.4","2.73M","0.31%"
"27/06/2024","62,615.4","62,519.5","62,903.1","62,423.6","2.71M","0.15%"
"26/06/2024","62,519.5","63,094.9","63,094.9","62,423.6","2.49M","-0.46%"
"25/06/2024","62,807.2","63,094.9","63,478.4","62,807.2","2.43M","0.00%"
"24/06/2024","62,807.2","63,382.5","63,862.0","62,615.4","3.85M","-0.76%"
"21/06/2024","63,286.6","63,766.1","64,341.4","63,286.6","3.97M","0.00%"
"20/06/2024","63,286.6","62,711.3","64,053.8","62,519.5","4.40M","1.07%"
"19/06/2024","62,615.4","63,286.6","63,286.6","62,423.6","6.16M","-0.91%"
"18/06/2024","63,190.8","63,766.1","63,766.1","63,190.8","2.75M","-0.15%"
"17/06/2024","63,286.6","63,574.3","63,862.0","63,286.6","3.62M","-0.30%"
"14/06/2024","63,478.4","64,245.5","64,533.2","63,478.4","4.12M","-1.05%"
"13/06/2024","64,149.6","64,245.5","64,629.1","64,053.8","2.80M","-0.15%"
"12/06/2024","64,245.5","63,766.1","64,533.2","63,574.3","3.43M","0.75%"
"11/06/2024","63,766.1","64,629.1","64,725.0","63,670.2","6.18M","-1.04%"
"10/06/2024","64,437.3","65,588.0","65,683.9","64,437.3","4.56M","-0.88%"
"07/06/2024","65,012.6","64,820.9","65,779.8","64,725.0","4.13M","0.89%"
"06/06/2024","64,437.3","66,163.3","66,163.3","64,437.3","4.89M","-1.90%"
"05/06/2024","65,683.9","63,478.4","66,355.1","63,478.4","11.87M","3.79%"
"04/06/2024","63,286.6","63,382.5","63,862.0","63,286.6","2.45M","-0.15%"
"03/06/2024","63,382.5","63,094.9","63,862.0","62,999.0","3.19M","1.07%"
"31/05/2024","62,711.3","63,190.8","63,190.8","62,615.4","4.14M","-0.46%"
"30/05/2024","62,999.0","63,382.5","63,478.4","62,807.2","4.41M","-0.90%"
"29/05/2024","63,574.3","64,245.5","64,533.2","63,286.6","3.36M","-0.75%"
"28/05/2024","64,053.8","63,574.3","64,533.2","63,382.5","5.35M","1.06%"
"27/05/2024","63,382.5","63,382.5","63,862.0","63,094.9","2.34M","0.15%"
"24/05/2024","63,286.6","63,957.9","64,149.6","62,999.0","4.10M","-1.49%"
"23/05/2024","64,245.5","63,286.6","64,245.5","63,094.9","2.99M","1.82%"
"22/05/2024","63,094.9","63,670.2","63,957.9","63,094.9","3.62M","-0.60%"
"21/05/2024","63,478.4","63,670.2","63,862.0","63,094.9","3.80M","-0.30%"
"20/05/2024","63,670.2","64,341.4","64,820.9","63,670.2","4.92M","-0.90%"
"17/05/2024","64,245.5","64,533.2","65,012.6","64,053.8","4.17M","-0.30%"
"16/05/2024","64,437.3","64,341.4","64,916.8","64,245.5","2.91M","0.30%"
"15/05/2024","64,245.5","64,149.6","64,533.2","63,957.9","3.23M","0.75%"
"14/05/2024","63,766.1","63,190.8","64,245.5","63,190.8","2.43M","1.06%"
"13/05/2024","63,094.9","63,862.0","64,053.8","62,711.3","2.73M","-1.05%"
"10/05/2024","63,766.1","63,957.9","64,725.0","63,382.5","2.42M","-0.15%"
"09/05/2024","63,862.0","65,108.5","65,108.5","63,862.0","3.00M","-1.91%"
"08/05/2024","65,108.5","65,204.4","65,204.4","64,341.4","2.96M","-0.15%"
"07/05/2024","65,204.4","63,286.6","65,683.9","63,190.8","8.49M","3.34%"
"06/05/2024","63,094.9","63,094.9","63,670.2","62,807.2","2.26M","0.30%"
"03/05/2024","62,903.1","62,903.1","63,286.6","62,807.2","1.97M","0.31%"
"02/05/2024","62,711.3","62,711.3","62,807.2","62,231.9","2.56M","0.62%"
"26/04/2024","62,327.8","62,040.1","63,094.9","61,848.3","2.94M","0.46%"
"25/04/2024","62,040.1","61,368.9","62,136.0","61,273.0","1.92M","1.09%"
"24/04/2024","61,368.9","61,368.9","61,656.5","60,889.4","2.40M","0.79%"
"23/04/2024","60,889.4","61,560.6","61,656.5","60,601.8","2.01M","-0.78%"
"22/04/2024","61,368.9","62,040.1","62,615.4","61,368.9","2.04M","-0.31%"
"19/04/2024","61,560.6","61,560.6","61,752.4","60,697.7","4.52M","0.00%"
"17/04/2024","61,560.6","61,752.4","62,231.9","61,560.6","4.59M","0.31%"
"16/04/2024","61,368.9","62,231.9","62,327.8","60,410.0","7.13M","-1.39%"
"15/04/2024","62,231.9","63,957.9","63,957.9","62,231.9","5.76M","-2.70%"
"12/04/2024","63,957.9","64,053.8","64,341.4","63,862.0","2.51M","0.15%"
"11/04/2024","63,862.0","63,957.9","64,149.6","63,766.1","2.95M","-0.30%"
"10/04/2024","64,053.8","64,341.4","64,533.2","64,053.8","2.77M","-0.30%"
"09/04/2024","64,245.5","64,341.4","64,533.2","64,053.8","2.52M","0.00%"
"08/04/2024","64,245.5","65,204.4","65,204.4","64,149.6","3.67M","-1.33%"
"05/04/2024","65,108.5","65,396.2","65,396.2","64,916.8","4.23M","-0.44%"
"04/04/2024","65,396.2","63,957.9","65,588.0","63,957.9","7.47M","2.25%"
"03/04/2024","63,957.9","64,533.2","64,533.2","63,957.9","5.05M","-0.89%"
"02/04/2024","64,533.2","64,245.5","64,629.1","63,957.9","4.32M","0.45%"
"01/04/2024","64,245.5","64,820.9","64,916.8","64,245.5","4.99M","-0.89%"
"29/03/2024","64,820.9","65,588.0","65,588.0","64,725.0","3.48M","-0.15%"
"28/03/2024","64,916.8","64,916.8","65,588.0","64,820.9","4.47M","0.00%"
"27/03/2024","64,916.8","65,204.4","65,204.4","64,725.0","2.64M","0.00%"
"26/03/2024","64,916.8","64,629.1","65,108.5","64,533.2","2.50M","0.59%"
"25/03/2024","64,533.2","65,108.5","65,396.2","64,341.4","5.45M","-0.74%"
"22/03/2024","65,012.6","65,779.8","65,875.6","65,012.6","6.07M","-0.88%"
"21/03/2024","65,588.0","65,396.2","65,683.9","65,108.5","4.91M","0.59%"
"20/03/2024","65,204.4","65,012.6","65,779.8","64,725.0","3.55M","0.30%"
"19/03/2024","65,012.6","65,683.9","65,683.9","65,012.6","3.16M","-0.15%"
"18/03/2024","65,108.5","65,971.5","66,259.2","64,820.9","6.80M","-1.31%"
"15/03/2024","65,971.5","67,218.1","67,218.1","65,875.6","4.85M","-1.15%"
"14/03/2024","66,738.6","67,212.0","67,496.0","66,549.3","5.45M","-0.42%"
"13/03/2024","67,022.6","66,360.0","67,117.3","66,265.3","5.65M","1.14%"
"12/03/2024","66,265.3","66,644.0","66,833.3","66,265.3","3.84M","-0.43%"
"11/03/2024","66,549.3","66,738.6","67,496.0","66,265.3","4.21M","0.43%"
"08/03/2024","66,265.3","68,253.3","69,010.6","66,265.3","7.36M","-2.78%"
"07/03/2024","68,158.6","67,874.6","68,253.3","67,496.0","5.07M","0.28%"
"06/03/2024","67,969.3","69,389.3","69,578.6","67,969.3","4.83M","-1.64%"
"05/03/2024","69,105.3","68,158.6","69,105.3","67,874.6","5.44M","1.39%"
"04/03/2024","68,158.6","67,969.3","68,821.3","67,780.0","5.01M","0.70%"
"01/03/2024","67,685.3","68,253.3","68,253.3","67,401.3","4.40M","-0.69%"
"29/02/2024","68,158.6","68,726.6","69,389.3","67,780.0","6.54M","-0.28%"
"28/02/2024","68,347.9","68,537.3","68,726.6","67,685.3","3.42M","0.28%"
"27/02/2024","68,158.6","67,401.3","68,537.3","67,306.6","5.28M","1.41%"
"26/02/2024","67,212.0","67,212.0","67,874.6","66,928.0","3.05M","0.00%"
"23/02/2024","67,212.0","67,969.3","68,821.3","67,212.0","6.14M","-0.84%"
"22/02/2024","67,780.0","67,496.0","68,821.3","67,306.6","4.65M","0.42%"
"21/02/2024","67,496.0","67,685.3","68,064.0","67,212.0","3.59M","-0.28%"
"20/02/2024","67,685.3","67,874.6","68,537.3","67,496.0","4.39M","-0.56%"
"19/02/2024","68,064.0","67,117.3","68,726.6","66,928.0","6.65M","2.71%"
"16/02/2024","66,265.3","64,182.7","66,549.3","63,898.7","11.11M","3.55%"
"15/02/2024","63,993.4","63,993.4","64,372.0","63,614.7","3.88M","0.00%"
"07/02/2024","63,993.4","63,993.4","64,277.4","63,614.7","2.74M","0.00%"
"06/02/2024","63,993.4","64,466.7","64,561.4","63,993.4","2.39M","-0.59%"
"05/02/2024","64,372.0","63,804.0","64,561.4","63,614.7","3.57M","0.89%"
"02/02/2024","63,804.0","63,898.7","64,088.0","63,425.4","2.61M","-0.15%"
"01/02/2024","63,898.7","63,614.7","64,182.7","63,614.7","2.50M","0.75%"
"31/01/2024","63,425.4","63,614.7","64,561.4","63,330.7","4.02M","0.15%"
"30/01/2024","63,330.7","63,709.4","63,709.4","63,330.7","1.79M","-0.15%"
"29/01/2024","63,425.4","63,520.0","63,709.4","63,330.7","1.73M","0.00%"
"26/01/2024","63,425.4","63,425.4","63,898.7","63,425.4","1.68M","0.15%"
"25/01/2024","63,330.7","63,804.0","63,898.7","63,330.7","2.66M","-0.59%"
"24/01/2024","63,709.4","64,182.7","64,372.0","63,614.7","2.08M","-0.59%"
"23/01/2024","64,088.0","64,656.0","64,656.0","63,993.4","2.11M","-0.88%"
"22/01/2024","64,656.0","64,372.0","65,034.7","64,372.0","1.96M","0.44%"
"19/01/2024","64,372.0","63,804.0","64,940.0","63,804.0","2.62M","0.89%"
"18/01/2024","63,804.0","63,709.4","64,182.7","63,709.4","1.23M","0.45%"
"17/01/2024","63,520.0","63,898.7","64,277.4","63,425.4","1.83M","-0.45%"
"16/01/2024","63,804.0","63,425.4","63,804.0","63,141.4","2.07M","0.60%"
"15/01/2024","63,425.4","63,614.7","63,898.7","63,425.4","2.23M","-0.30%"
"12/01/2024","63,614.7","63,993.4","64,277.4","63,425.4","3.28M","-1.03%"
"11/01/2024","64,277.4","63,898.7","64,845.4","63,898.7","2.08M","0.59%"
"10/01/2024","63,898.7","64,466.7","64,466.7","63,804.0","3.01M","-0.88%"
"09/01/2024","64,466.7","64,561.4","64,845.4","64,372.0","2.46M","-0.15%"
"08/01/2024","64,561.4","65,318.7","65,413.3","64,561.4","2.40M","-0.87%"
"05/01/2024","65,129.3","65,602.7","65,602.7","64,845.4","1.48M","-0.29%"
"04/01/2024","65,318.7","65,413.3","65,792.0","65,318.7","3.40M","0.00%"
"03/01/2024","65,318.7","64,750.7","65,318.7","64,372.0","1.89M","1.02%"
"02/01/2024","64,656.0","64,561.4","64,845.4","64,277.4","2.14M","1.04%"
"29/12/2023","63,993.4","65,034.7","65,034.7","63,993.4","1.95M","-1.31%"
"28/12/2023","64,845.4","63,898.7","64,845.4","63,898.7","2.41M","1.48%"
"27/12/2023","63,898.7","64,372.0","64,561.4","63,898.7","1.63M","0.00%"
"26/12/2023","63,898.7","64,180.6","64,368.5","63,898.7","1.98M","0.15%"
"25/12/2023","63,804.7","63,522.8","64,556.5","63,522.8","2.67M","0.44%"
"22/12/2023","63,522.8","63,710.8","63,992.7","63,428.9","2.15M","-0.30%"
"21/12/2023","63,710.8","63,804.7","64,180.6","63,710.8","2.59M","-0.44%"
"20/12/2023","63,992.7","62,959.0","64,086.6","62,959.0","2.60M","1.64%"
"19/12/2023","62,959.0","63,053.0","63,334.9","62,301.2","3.06M","0.00%"
"18/12/2023","62,959.0","63,992.7","64,086.6","62,959.0","3.51M","-1.62%"
"15/12/2023","63,992.7","64,368.5","64,462.5","63,992.7","3.74M","-0.44%"
"14/12/2023","64,274.6","64,274.6","64,744.4","64,086.6","1.46M","0.29%"
"13/12/2023","64,086.6","65,402.2","65,496.2","63,992.7","4.51M","-1.73%"
"12/12/2023","65,214.3","65,778.1","65,872.0","64,838.4","2.79M","-0.86%"
"11/12/2023","65,778.1","66,247.9","66,247.9","65,684.1","4.73M","1.45%"
"08/12/2023","64,838.4","64,274.6","65,120.3","63,898.7","3.73M","0.88%"
"07/12/2023","64,274.6","64,650.4","64,650.4","63,428.9","3.87M","-0.15%"
"06/12/2023","64,368.5","63,992.7","64,462.5","63,992.7","1.61M","0.59%"
"05/12/2023","63,992.7","64,650.4","64,838.4","63,898.7","2.30M","-1.02%"
"04/12/2023","64,650.4","64,368.5","65,308.2","64,274.6","3.01M","0.58%"
"01/12/2023","64,274.6","63,898.7","64,368.5","63,616.8","1.39M","1.48%"
"30/11/2023","63,334.9","64,274.6","64,556.5","63,334.9","2.58M","-1.46%"
"29/11/2023","64,274.6","64,368.5","64,650.4","64,086.6","1.26M","-0.15%"
"28/11/2023","64,368.5","63,992.7","64,368.5","63,428.9","1.78M","0.59%"
"27/11/2023","63,992.7","64,180.6","64,274.6","63,804.7","1.33M","-0.29%"
"24/11/2023","64,180.6","64,462.5","64,744.4","63,522.8","3.13M","-0.58%"
"23/11/2023","64,556.5","65,590.1","65,684.1","64,556.5","1.62M","-1.01%"
"22/11/2023","65,214.3","65,308.2","65,966.0","64,838.4","1.30M","-0.14%"
"21/11/2023","65,308.2","65,214.3","65,590.1","64,744.4","2.96M","0.29%"
"20/11/2023","65,120.3","65,026.3","65,684.1","64,838.4","1.77M","-1.00%"
"17/11/2023","65,778.1","66,717.8","66,811.7","65,026.3","2.34M","-0.43%"
"16/11/2023","66,060.0","66,341.9","66,999.7","65,684.1","2.34M","-0.57%"
"15/11/2023","66,435.9","65,778.1","67,469.5","65,778.1","3.95M","2.61%"
"14/11/2023","64,744.4","64,838.4","65,214.3","64,086.6","3.00M","0.29%"
"13/11/2023","64,556.5","65,496.2","65,778.1","64,462.5","1.73M","-1.29%"
"10/11/2023","65,402.2","66,529.8","66,529.8","65,402.2","2.83M","-1.56%"
"09/11/2023","66,435.9","67,281.6","67,751.4","66,435.9","3.42M","-0.98%"
"08/11/2023","67,093.6","66,529.8","67,187.6","65,590.1","2.34M","0.85%"
"07/11/2023","66,529.8","66,247.9","66,529.8","65,590.1","1.47M","-0.28%"
"06/11/2023","66,717.8","65,966.0","67,187.6","65,872.0","1.14M","1.43%"
"03/11/2023","65,778.1","66,623.8","66,623.8","65,590.1","1.69M","-1.27%"
"02/11/2023","66,623.8","66,247.9","66,623.8","65,590.1","2.39M","0.71%"
"01/11/2023","66,153.9","64,838.4","66,247.9","63,804.7","2.34M","3.53%"
"31/10/2023","63,898.7","63,804.7","65,308.2","63,522.8","2.18M","0.59%"
"30/10/2023","63,522.8","63,804.7","63,898.7","63,053.0","1.05M","-0.59%"
"27/10/2023","63,898.7","63,240.9","63,898.7","62,583.1","1.81M","1.49%"
"26/10/2023","62,959.0","64,368.5","64,462.5","61,925.4","5.20M","-2.90%"
"25/10/2023","64,838.4","66,060.0","66,529.8","64,838.4","2.42M","-1.85%"
"24/10/2023","66,060.0","65,966.0","66,529.8","65,872.0","1.10M","0.14%"
"23/10/2023","65,966.0","67,375.5","67,657.4","65,872.0","2.73M","-2.90%"
"20/10/2023","67,939.4","66,999.7","68,127.3","65,966.0","2.37M","1.26%"
"19/10/2023","67,093.6","68,973.0","68,973.0","66,623.8","3.90M","-3.38%"
"18/10/2023","69,442.9","70,288.6","70,288.6","68,033.3","2.57M","-1.20%"
"17/10/2023","70,288.6","70,758.4","71,510.2","70,288.6","1.42M","-0.53%"
"16/10/2023","70,664.4","70,570.5","71,228.3","70,194.6","1.34M","-0.79%"
"13/10/2023","71,228.3","70,852.4","71,698.1","70,476.5","1.49M","0.40%"
"12/10/2023","70,946.4","70,006.7","71,322.2","70,006.7","2.53M","1.48%"
"11/10/2023","69,912.7","70,100.6","70,288.6","69,536.8","1.13M","0.00%"
"10/10/2023","69,912.7","69,818.7","70,476.5","69,536.8","1.02M","0.95%"
"09/10/2023","69,254.9","69,536.8","69,630.8","69,160.9","830.90K","-0.67%"
"06/10/2023","69,724.8","68,315.2","69,724.8","68,221.3","1.23M","2.06%"
"05/10/2023","68,315.2","69,630.8","69,912.7","68,315.2","2.57M","-2.28%"
"04/10/2023","69,912.7","69,160.9","70,100.6","68,973.0","1.08M","0.54%"
"03/10/2023","69,536.8","70,100.6","70,570.5","69,442.9","1.99M","-2.12%"
"02/10/2023","71,040.3","69,724.8","71,040.3","69,724.8","1.16M","1.89%"
"29/09/2023","69,724.8","70,476.5","71,792.1","69,724.8","1.40M","-0.80%"
"28/09/2023","70,288.6","71,510.2","71,792.1","70,288.6","1.89M","-2.35%"
"27/09/2023","71,980.0","71,698.1","71,980.0","70,288.6","2.27M","0.66%"
"26/09/2023","71,510.2","72,919.7","73,295.6","71,416.2","2.53M","-1.93%"
"25/09/2023","72,919.7","72,543.8","73,765.4","72,074.0","2.76M","0.13%"
"22/09/2023","72,825.7","72,449.8","73,577.5","71,228.3","4.24M","-0.64%"
"21/09/2023","73,295.6","73,389.5","73,577.5","72,637.8","2.54M","-0.38%"
"20/09/2023","73,577.5","73,671.4","74,047.3","73,295.6","1.84M","-0.76%"
"19/09/2023","74,141.3","73,765.4","74,141.3","72,731.8","2.57M","0.00%"
"18/09/2023","74,141.3","74,329.2","74,987.0","73,953.3","1.32M","-0.75%"
"15/09/2023","74,705.1","74,611.1","76,302.6","74,235.3","5.61M","0.13%"
"14/09/2023","74,611.1","73,765.4","75,174.9","73,671.4","2.48M","0.38%"
"13/09/2023","74,329.2","74,799.1","75,456.8","73,953.3","2.51M","-1.49%"
"12/09/2023","75,456.8","74,235.3","75,832.7","73,577.5","2.67M","1.01%"
"11/09/2023","74,705.1","75,174.9","76,208.6","72,919.7","4.23M","-0.62%"
"08/09/2023","75,174.9","74,423.2","75,268.9","74,329.2","2.77M","0.63%"
"07/09/2023","74,705.1","75,081.0","75,174.9","73,859.4","3.53M","-0.62%"
"06/09/2023","75,174.9","75,268.9","75,268.9","74,705.1","2.28M","-0.12%"
"05/09/2023","75,268.9","73,765.4","75,644.8","73,389.5","6.84M","2.96%"
"31/08/2023","73,107.6","72,825.7","74,141.3","72,449.8","3.84M","0.00%"
"30/08/2023","73,107.6","72,355.9","73,765.4","71,886.0","2.66M","0.52%"
"29/08/2023","72,731.8","72,825.7","72,919.7","71,604.1","4.20M","-0.64%"
"28/08/2023","73,201.6","70,476.5","73,389.5","70,476.5","5.47M","4.01%"
"25/08/2023","70,382.5","70,758.4","70,758.4","69,818.7","2.75M","0.27%"
"24/08/2023","70,194.6","69,067.0","70,382.5","68,597.1","4.42M","1.63%"
"23/08/2023","69,067.0","68,033.3","69,160.9","67,281.6","3.07M","1.10%"
"22/08/2023","68,315.2","68,785.1","68,785.1","66,811.7","3.08M","-0.27%"
"21/08/2023","68,503.2","68,315.2","69,348.9","68,315.2","3.06M","-0.55%"
"18/08/2023","68,879.0","69,067.0","70,288.6","67,751.4","7.11M","-0.41%"
"17/08/2023","69,160.9","68,691.1","70,006.7","68,503.2","4.58M","0.68%"
"16/08/2023","68,691.1","68,409.2","69,067.0","68,127.3","2.08M","0.41%"
"15/08/2023","68,409.2","68,503.2","68,973.0","68,315.2","2.22M","-0.82%"
"14/08/2023","68,973.0","68,973.0","69,067.0","68,127.3","3.07M","-0.14%"
"11/08/2023","69,067.0","68,691.1","69,067.0","68,033.3","2.18M","0.55%"
"10/08/2023","68,691.1","68,691.1","69,536.8","68,503.2","2.73M","0.00%"
"09/08/2023","68,691.1","70,006.7","70,006.7","68,409.2","3.71M","-1.88%"
"08/08/2023","70,006.7","70,194.6","70,382.5","69,442.9","3.43M","-0.53%"
"07/08/2023","70,382.5","68,503.2","70,382.5","67,939.4","4.32M","2.60%"
"04/08/2023","68,597.1","68,127.3","68,597.1","67,657.4","3.17M","0.55%"
"03/08/2023","68,221.3","69,630.8","69,630.8","68,221.3","2.92M","-1.43%"
"02/08/2023","69,207.9","69,117.0","69,571.7","68,480.4","2.68M","0.13%"
"01/08/2023","69,117.0","70,935.8","70,935.8","69,117.0","5.73M","-2.56%"
"31/07/2023","70,935.8","70,299.2","71,299.6","70,208.3","3.36M","0.78%"
"28/07/2023","70,390.2","68,935.1","70,663.0","68,753.2","5.47M","2.25%"
"27/07/2023","68,844.1","68,207.5","68,935.1","68,025.6","4.18M","0.93%"
"26/07/2023","68,207.5","67,661.9","68,389.4","67,570.9","3.19M","0.67%"
"25/07/2023","67,752.8","66,934.3","67,934.7","66,479.6","4.25M","1.22%"
"24/07/2023","66,934.3","66,843.4","67,298.1","66,661.5","2.54M","0.14%"
"21/07/2023","66,843.4","66,024.9","66,843.4","65,933.9","3.34M","1.24%"
"20/07/2023","66,024.9","66,024.9","66,206.8","65,752.1","2.60M","0.00%"
"19/07/2023","66,024.9","65,933.9","66,388.7","65,843.0","2.95M","0.28%"
"18/07/2023","65,843.0","65,933.9","66,024.9","65,661.1","2.93M","0.14%"
"17/07/2023","65,752.1","66,388.7","66,934.3","65,661.1","3.92M","-1.36%"
"14/07/2023","66,661.5","66,570.5","66,752.4","65,570.2","5.21M","0.27%"
"13/07/2023","66,479.6","66,752.4","67,116.2","66,297.7","3.78M","-0.54%"
"12/07/2023","66,843.4","66,297.7","66,843.4","66,024.9","4.20M","0.96%"
"11/07/2023","66,206.8","65,570.2","66,752.4","65,206.4","5.70M","0.97%"
"10/07/2023","65,570.2","64,933.6","66,115.8","64,751.7","6.17M","1.69%"
"07/07/2023","64,478.9","64,297.0","64,751.7","64,024.1","5.78M","0.57%"
"06/07/2023","64,115.1","63,569.4","64,297.0","63,478.5","7.63M","1.00%"
"05/07/2023","63,478.5","64,387.9","64,387.9","63,296.6","6.66M","-1.13%"
"04/07/2023","64,206.0","64,115.1","64,751.7","63,751.3","4.78M","-0.14%"
"03/07/2023","64,297.0","64,660.7","64,933.6","63,933.2","3.19M","-0.42%"
"30/06/2023","64,569.8","65,388.3","65,479.2","64,387.9","3.65M","-1.25%"
"29/06/2023","65,388.3","64,206.0","65,843.0","63,751.3","7.70M","1.84%"
"28/06/2023","64,206.0","64,115.1","64,478.9","63,387.5","6.15M","0.14%"
"27/06/2023","64,115.1","64,387.9","64,387.9","63,296.6","5.98M","-0.14%"
"26/06/2023","64,206.0","63,023.8","64,297.0","62,114.3","10.74M","2.17%"
"23/06/2023","62,841.9","60,932.1","63,205.6","60,932.1","11.96M","3.29%"
"22/06/2023","60,841.1","60,477.3","61,204.9","60,295.5","5.61M","0.90%"
"21/06/2023","60,295.5","59,658.9","60,295.5","59,567.9","3.49M","1.22%"
"20/06/2023","59,567.9","59,931.7","59,931.7","59,567.9","2.96M","-0.46%"
"19/06/2023","59,840.7","60,295.5","60,568.3","59,658.9","3.28M","-0.45%"
"16/06/2023","60,113.6","60,477.3","60,568.3","60,022.6","5.99M","-0.30%"
"15/06/2023","60,295.5","61,204.9","61,295.8","60,204.5","4.69M","-1.19%"
"14/06/2023","61,023.0","61,568.7","62,023.4","61,023.0","4.91M","-0.74%"
"13/06/2023","61,477.7","61,932.4","62,114.3","61,386.8","4.94M","-0.44%"
"12/06/2023","61,750.5","60,022.6","61,841.5","60,022.6","5.45M","3.19%"
"09/06/2023","59,840.7","59,658.9","60,477.3","59,567.9","2.08M","0.46%"
"08/06/2023","59,567.9","60,477.3","60,477.3","59,567.9","5.04M","-1.06%"
"07/06/2023","60,204.5","60,477.3","60,659.2","60,022.6","3.72M","-0.30%"
"06/06/2023","60,386.4","60,841.1","60,841.1","60,022.6","3.42M","-0.15%"
"05/06/2023","60,477.3","60,477.3","61,113.9","60,204.5","3.32M","0.91%"
"02/06/2023","59,931.7","60,204.5","60,295.5","59,567.9","2.97M","-0.30%"
"01/06/2023","60,113.6","60,113.6","60,477.3","60,022.6","1.21M","0.00%"
"31/05/2023","60,113.6","60,750.2","60,750.2","60,113.6","1.47M","-0.60%"
"30/05/2023","60,477.3","61,023.0","61,295.8","60,477.3","1.77M","-0.89%"
"29/05/2023","61,023.0","61,204.9","61,568.7","61,023.0","1.04M","0.00%"
"26/05/2023","61,023.0","61,295.8","61,841.5","61,023.0","904.50K","0.00%"
"25/05/2023","61,023.0","60,204.5","61,386.8","60,022.6","1.31M","1.21%"
"24/05/2023","60,295.5","61,023.0","61,295.8","60,113.6","2.35M","-1.04%"
"23/05/2023","60,932.1","61,841.5","62,205.3","60,932.1","2.94M","-1.76%"
"22/05/2023","62,023.4","62,478.1","62,750.9","62,023.4","1.70M","-0.58%"
"19/05/2023","62,387.2","63,114.7","63,205.6","62,387.2","1.20M","-0.87%"
"18/05/2023","62,932.8","62,750.9","63,660.4","62,296.2","2.50M","0.29%"
"17/05/2023","62,750.9","63,387.5","63,387.5","62,569.0","1.87M","-1.00%"
"16/05/2023","63,387.5","62,750.9","63,387.5","62,750.9","1.38M","1.01%"
"15/05/2023","62,750.9","63,569.4","63,569.4","62,750.9","1.54M","-0.86%"
"12/05/2023","63,296.6","64,024.1","64,024.1","63,205.6","1.21M","-0.57%"
"11/05/2023","63,660.4","64,115.1","64,478.9","63,660.4","447.30K","-0.71%"
"10/05/2023","64,115.1","64,387.9","64,660.7","64,115.1","951.60K","-0.28%"
"09/05/2023","64,297.0","64,387.9","64,569.8","64,115.1","871.30K","0.43%"
"08/05/2023","64,024.1","62,750.9","64,024.1","62,750.9","1.23M","2.33%"
"05/05/2023","62,569.0","62,387.2","62,932.8","62,387.2","712.20K","0.29%"
"04/05/2023","62,387.2","63,660.4","63,660.4","62,205.3","2.66M","-2.00%"
"28/04/2023","63,660.4","63,478.5","63,842.2","63,387.5","1.12M","0.72%"
"27/04/2023","63,205.6","64,569.8","64,569.8","63,205.6","1.37M","-2.11%"
"26/04/2023","64,569.8","63,660.4","64,569.8","63,660.4","941.60K","1.57%"
"25/04/2023","63,569.4","64,115.1","64,933.6","63,478.5","1.37M","-0.85%"
"24/04/2023","64,115.1","64,569.8","64,660.7","63,842.2","1.13M","-0.56%"
"21/04/2023","64,478.9","65,479.2","65,479.2","64,387.9","1.11M","-1.39%"
"20/04/2023","65,388.3","65,570.2","66,024.9","65,297.3","822.30K","-0.14%"
"19/04/2023","65,479.2","66,479.6","66,479.6","65,479.2","816.30K","-1.37%"
"18/04/2023","66,388.7","65,297.3","66,388.7","65,297.3","931.80K","1.81%"
"17/04/2023","65,206.4","66,206.8","66,297.7","65,206.4","1.37M","-1.51%"
"14/04/2023","66,206.8","66,934.3","67,025.3","66,206.8","1.29M","-0.95%"
"13/04/2023","66,843.4","67,570.9","67,661.9","66,843.4","889.60K","-1.08%"
"12/04/2023","67,570.9","67,661.9","67,661.9","67,298.1","979.10K","-0.13%"
"11/04/2023","67,661.9","67,570.9","67,752.8","67,389.0","782.80K","0.00%"
"10/04/2023","67,661.9","67,934.7","67,934.7","67,661.9","832.70K","-0.40%"
"07/04/2023","67,934.7","67,661.9","67,934.7","67,570.9","794.40K","0.54%"
"06/04/2023","67,570.9","67,661.9","67,843.8","67,570.9","905.60K","-0.27%"
"05/04/2023","67,752.8","67,480.0","68,025.6","67,389.0","963.40K","0.40%"
"04/04/2023","67,480.0","67,661.9","67,752.8","67,480.0","1.82M","-0.27%"
"03/04/2023","67,661.9","67,843.8","68,116.6","67,480.0","850.60K","0.00%"
"31/03/2023","67,661.9","68,207.5","68,571.3","67,661.9","1.08M","-0.80%"
"30/03/2023","68,207.5","67,934.7","68,571.3","67,843.8","838.70K","0.13%"
"29/03/2023","68,116.6","67,934.7","68,116.6","67,661.9","907.40K","0.67%"
"28/03/2023","67,661.9","67,752.8","68,480.4","67,661.9","1.65M","-0.27%"
"27/03/2023","67,843.8","68,207.5","68,207.5","67,570.9","1.37M","-0.53%"
"24/03/2023","68,207.5","68,207.5","68,662.2","68,025.6","932.30K","-0.40%"
"23/03/2023","68,480.4","67,570.9","68,480.4","67,298.1","1.29M","1.21%"
"22/03/2023","67,661.9","67,843.8","67,934.7","67,661.9","900.20K","0.00%"
"21/03/2023","67,661.9","67,661.9","68,298.5","67,480.0","1.35M","0.13%"
"20/03/2023","67,570.9","68,207.5","68,207.5","67,389.0","1.61M","-0.27%"
"17/03/2023","67,752.8","69,480.7","69,480.7","67,752.8","2.43M","-2.49%"
"16/03/2023","69,480.7","70,026.4","70,117.3","69,026.0","1.53M","-0.91%"
"15/03/2023","70,117.3","69,662.6","70,299.2","69,571.7","1.96M","0.65%"
"14/03/2023","69,662.6","69,389.8","69,935.5","68,753.2","1.74M","-0.39%"
"13/03/2023","69,935.5","69,844.5","70,117.3","69,662.6","1.82M","0.00%"
"10/03/2023","69,935.5","69,571.7","70,208.3","69,207.9","1.43M","0.52%"
"09/03/2023","69,571.7","69,298.8","70,117.3","69,298.8","1.39M","0.00%"
"08/03/2023","69,571.7","68,389.4","69,571.7","68,207.5","1.24M","0.92%"
"07/03/2023","68,935.1","69,026.0","69,298.8","68,662.2","1.17M","1.07%"
"06/03/2023","68,207.5","69,117.0","69,662.6","68,207.5","891.80K","-1.32%"
"03/03/2023","69,117.0","68,207.5","69,844.5","68,207.5","704.20K","-0.65%"
"02/03/2023","69,571.7","69,935.5","69,935.5","69,207.9","1.09M","-0.52%"
"01/03/2023","69,935.5","68,298.5","70,026.4","68,207.5","1.64M","1.85%"
"28/02/2023","68,662.2","68,662.2","69,026.0","68,298.5","1.03M","0.40%"
"27/02/2023","68,389.4","67,934.7","69,026.0","67,298.1","1.11M","0.67%"
"24/02/2023","67,934.7","68,844.1","69,117.0","67,752.8","1.68M","-1.32%"
"23/02/2023","68,844.1","68,662.2","69,935.5","67,661.9","2.33M","0.26%"
"22/02/2023","68,662.2","69,389.8","69,753.6","68,662.2","1.30M","-2.20%"
"21/02/2023","70,208.3","70,481.1","70,572.1","69,753.6","888.30K","-0.39%"
"20/02/2023","70,481.1","69,117.0","70,481.1","68,662.2","1.39M","1.97%"
"17/02/2023","69,117.0","69,207.9","69,480.7","68,480.4","777.00K","-0.65%"
"16/02/2023","69,571.7","69,117.0","69,571.7","68,753.2","691.30K","0.66%"
"15/02/2023","69,117.0","67,934.7","69,117.0","67,661.9","1.44M","1.74%"
"14/02/2023","67,934.7","68,480.4","68,844.1","67,661.9","1.07M","-0.80%"
"13/02/2023","68,480.4","69,026.0","69,026.0","67,389.0","1.57M","-0.79%"
"10/02/2023","69,026.0","68,207.5","69,026.0","68,207.5","1.24M","1.20%"
"09/02/2023","68,207.5","68,935.1","69,117.0","68,207.5","1.59M","-1.06%"
"08/02/2023","68,935.1","69,298.8","69,662.6","68,844.1","1.55M","-0.39%"
"07/02/2023","69,207.9","70,572.1","70,572.1","69,207.9","1.27M","-1.68%"
"06/02/2023","70,390.2","69,026.0","70,481.1","69,026.0","1.91M","1.84%"
"03/02/2023","69,117.0","70,026.4","70,117.3","69,026.0","1.86M","-0.91%"
"02/02/2023","69,753.6","70,390.2","70,481.1","69,753.6","1.49M","-0.65%"
"01/02/2023","70,208.3","70,663.0","70,753.9","69,935.5","1.81M","0.13%"
"31/01/2023","70,117.3","72,027.1","72,300.0","69,935.5","4.82M","-2.90%"
"30/01/2023","72,209.0","72,754.7","72,754.7","72,209.0","1.61M","-0.75%"
"27/01/2023","72,754.7","74,027.9","74,482.6","72,390.9","2.33M","-1.60%"
"19/01/2023","73,937.0","73,482.2","74,118.8","72,754.7","2.63M","0.00%"
"18/01/2023","73,937.0","73,573.2","74,118.8","73,391.3","1.30M","0.49%"
"17/01/2023","73,573.2","72,936.6","73,664.1","72,209.0","1.67M","1.89%"
"16/01/2023","72,209.0","73,300.4","73,482.2","72,209.0","654.70K","-1.49%"
"13/01/2023","73,300.4","72,936.6","73,755.1","72,845.6","1.45M","0.75%"
"12/01/2023","72,754.7","72,663.8","72,936.6","72,118.1","684.90K","0.76%"
"11/01/2023","72,209.0","73,664.1","74,209.8","72,209.0","1.53M","-1.98%"
"10/01/2023","73,664.1","73,573.2","74,118.8","73,300.4","1.20M","0.37%"
"09/01/2023","73,391.3","72,663.8","73,391.3","72,390.9","948.30K","1.13%"
"06/01/2023","72,572.8","73,664.1","73,846.0","72,390.9","1.27M","-1.72%"
"05/01/2023","73,846.0","72,118.1","74,027.9","71,845.3","2.47M","2.40%"
"04/01/2023","72,118.1","71,572.4","72,118.1","71,481.5","1.09M","1.02%"
"03/01/2023","71,390.5","69,571.7","71,390.5","69,298.8","1.50M","3.15%"
"30/12/2022","69,207.9","70,935.8","70,935.8","69,207.9","1.20M","-1.17%"
"29/12/2022","70,026.4","70,390.2","71,117.7","70,026.4","1.33M","0.00%"
"28/12/2022","70,026.4","69,753.6","70,935.8","69,662.6","1.19M","0.52%"
"27/12/2022","69,662.6","69,844.5","70,935.8","69,117.0","1.59M","0.79%"
"26/12/2022","69,117.0","69,480.7","70,572.1","69,026.0","1.66M","-0.26%"
"23/12/2022","69,298.8","70,117.3","71,117.7","69,298.8","1.56M","-1.04%"
"22/12/2022","70,026.4","72,118.1","72,300.0","70,026.4","1.59M","-1.66%"
"21/12/2022","71,208.7","71,208.7","72,012.8","71,030.0","2.31M","1.27%"
"20/12/2022","70,315.2","69,064.3","71,208.7","68,707.0","3.03M","2.21%"
"19/12/2022","68,796.3","70,136.5","70,136.5","68,796.3","2.42M","-1.28%"
"16/12/2022","69,689.8","69,421.7","70,404.5","69,332.4","3.00M","0.52%"
"15/12/2022","69,332.4","69,243.0","70,761.9","69,064.3","2.60M","0.13%"
"14/12/2022","69,243.0","70,940.6","70,940.6","69,243.0","3.52M","-0.64%"
"13/12/2022","69,689.8","70,225.8","70,940.6","68,975.0","3.61M","-0.64%"
"12/12/2022","70,136.5","71,744.7","73,174.3","70,047.2","3.14M","-1.88%"
"09/12/2022","71,476.7","72,370.1","73,084.9","71,476.7","2.41M","-1.23%"
"08/12/2022","72,370.1","74,157.1","75,050.5","72,370.1","1.60M","-1.82%"
"07/12/2022","73,710.3","74,157.1","75,318.6","73,084.9","1.84M","0.00%"
"06/12/2022","73,710.3","75,944.0","76,033.3","73,710.3","1.40M","-2.94%"
"05/12/2022","75,944.0","75,139.9","76,480.1","75,139.9","2.07M","1.19%"
"02/12/2022","75,050.5","73,531.6","75,050.5","73,263.6","2.52M","1.94%"
"01/12/2022","73,621.0","72,906.2","74,067.7","72,906.2","2.22M","-4.60%"
"30/11/2022","77,169.7","77,356.1","77,356.1","75,958.1","2.00M","-0.24%"
"29/11/2022","77,356.1","75,771.7","77,635.7","75,026.1","2.40M","1.59%"
"28/11/2022","76,144.5","76,424.1","77,728.9","76,144.5","2.30M","-0.61%"
"25/11/2022","76,610.5","75,771.7","77,076.5","75,492.1","2.60M","1.23%"
"24/11/2022","75,678.5","73,628.1","75,678.5","73,534.9","2.88M","2.27%"
"23/11/2022","74,000.9","74,094.1","74,280.5","72,975.7","773.10K","-0.13%"
"22/11/2022","74,094.1","72,230.1","74,746.5","72,136.9","2.28M","2.05%"
"21/11/2022","72,602.9","71,764.1","72,602.9","71,670.9","1.79M","1.17%"
"18/11/2022","71,764.1","71,764.1","72,509.7","70,552.5","2.23M","1.32%"
"17/11/2022","70,832.1","71,577.7","72,975.7","69,993.3","2.60M","2.01%"
"16/11/2022","69,434.1","70,366.1","73,441.7","68,781.7","3.54M","-3.25%"
"15/11/2022","71,764.1","73,628.1","74,000.9","71,298.1","2.09M","-2.53%"
"14/11/2022","73,628.1","72,696.1","76,424.1","70,925.3","2.60M","0.77%"
"11/11/2022","73,068.9","73,534.9","74,932.9","73,068.9","1.56M","0.00%"
"10/11/2022","73,068.9","75,398.9","75,492.1","71,764.1","2.64M","-3.09%"
"09/11/2022","75,398.9","76,424.1","76,610.5","74,560.1","2.70M","-1.82%"
"08/11/2022","76,796.9","76,610.5","76,796.9","74,187.3","2.30M","0.24%"
"07/11/2022","76,610.5","74,653.3","76,610.5","74,560.1","2.64M","2.75%"
"04/11/2022","74,560.1","74,466.9","75,492.1","72,696.1","2.91M","0.00%"
"03/11/2022","74,560.1","72,696.1","75,212.5","72,696.1","1.28M","2.17%"
"02/11/2022","72,975.7","74,746.5","74,839.7","72,975.7","1.83M","-2.37%"
"01/11/2022","74,746.5","73,162.1","76,890.1","73,162.1","3.18M","2.17%"
"31/10/2022","73,162.1","72,416.5","73,162.1","72,043.7","1.57M","0.64%"
"28/10/2022","72,696.1","73,162.1","73,255.3","72,416.5","1.44M","-0.64%"
"27/10/2022","73,162.1","70,832.1","73,162.1","70,832.1","2.28M","3.29%"
"26/10/2022","70,832.1","70,832.1","71,204.9","70,459.3","824.70K","0.00%"
"25/10/2022","70,832.1","69,061.3","71,577.7","69,061.3","1.66M","2.70%"
"24/10/2022","68,968.1","71,950.5","71,950.5","68,968.1","1.58M","-3.90%"
"21/10/2022","71,764.1","72,230.1","73,068.9","71,298.1","2.10M","-0.65%"
"20/10/2022","72,230.1","71,391.3","72,230.1","70,645.7","2.29M","1.17%"
"19/10/2022","71,391.3","70,925.3","71,577.7","70,925.3","1.04M","0.13%"
"18/10/2022","71,298.1","69,900.1","71,764.1","69,620.5","3.14M","3.24%"
"17/10/2022","69,061.3","68,781.7","69,993.3","68,688.5","1.68M","0.14%"
"14/10/2022","68,968.1","68,968.1","69,434.1","68,688.5","1.44M","0.27%"
"13/10/2022","68,781.7","66,172.1","68,781.7","65,985.7","3.17M","3.07%"
"12/10/2022","66,731.3","65,706.1","66,824.5","65,333.3","1.27M","1.99%"
"11/10/2022","65,426.5","65,706.1","66,638.1","64,867.3","1.72M","-0.43%"
"10/10/2022","65,706.1","63,842.1","66,638.1","62,816.9","1.66M","1.00%"
"07/10/2022","65,053.7","64,587.7","66,451.7","61,978.1","2.69M","-0.29%"
"06/10/2022","65,240.1","66,451.7","66,544.9","65,240.1","1.50M","-2.23%"
"05/10/2022","66,731.3","66,172.1","67,104.1","66,172.1","1.49M","0.99%"
"04/10/2022","66,078.9","66,917.7","66,917.7","65,240.1","1.63M","-0.14%"
"03/10/2022","66,172.1","67,010.9","67,570.1","66,172.1","2.04M","-1.80%"
"30/09/2022","67,383.7","67,010.9","68,315.7","67,010.9","2.35M","-0.55%"
"29/09/2022","67,756.5","67,942.9","68,502.1","67,290.5","2.03M","1.25%"
"28/09/2022","66,917.7","67,104.1","68,036.1","66,078.9","2.15M","-0.83%"
"27/09/2022","67,476.9","69,434.1","69,806.9","67,383.7","2.42M","-2.16%"
"26/09/2022","68,968.1","70,645.7","71,018.5","68,688.5","3.39M","-3.52%"
"23/09/2022","71,484.5","71,764.1","72,043.7","71,298.1","1.40M","-0.26%"
"22/09/2022","71,670.9","71,391.3","71,857.3","70,832.1","1.03M","0.00%"
"21/09/2022","71,670.9","70,552.5","72,323.3","70,459.3","2.48M","1.45%"
"20/09/2022","70,645.7","70,179.7","71,018.5","70,179.7","1.14M","0.80%"
"19/09/2022","70,086.5","70,459.3","70,552.5","69,806.9","1.42M","-1.05%"
"16/09/2022","70,832.1","69,620.5","70,832.1","69,340.9","2.31M","2.01%"
"15/09/2022","69,434.1","69,061.3","70,086.5","69,061.3","1.21M","0.68%"
"14/09/2022","68,968.1","69,806.9","69,900.1","68,781.7","2.04M","-2.25%"
"13/09/2022","70,552.5","70,086.5","70,832.1","70,086.5","1.56M","0.53%"
"12/09/2022","70,179.7","70,832.1","71,018.5","70,179.7","1.39M","-0.79%"
"09/09/2022","70,738.9","70,738.9","71,298.1","70,366.1","1.19M","0.26%"
"08/09/2022","70,552.5","70,832.1","71,298.1","70,086.5","1.35M","0.00%"
"07/09/2022","70,552.5","72,509.7","72,509.7","70,552.5","2.92M","-2.70%"
"06/09/2022","72,509.7","72,230.1","73,628.1","72,043.7","2.65M","0.39%"
"05/09/2022","72,230.1","70,366.1","72,509.7","70,366.1","3.17M","2.65%"
"31/08/2022","70,366.1","70,738.9","71,204.9","70,366.1","1.66M","-0.66%"
"30/08/2022","70,832.1","70,366.1","71,204.9","70,366.1","2.23M","0.66%"
"29/08/2022","70,366.1","70,925.3","71,111.7","70,272.9","3.31M","-1.82%"
"26/08/2022","71,670.9","72,509.7","72,789.3","71,018.5","2.46M","-1.28%"
"25/08/2022","72,602.9","72,602.9","72,975.7","71,764.1","2.18M","0.26%"
"24/08/2022","72,416.5","70,645.7","72,975.7","70,645.7","5.44M","2.51%"
"23/08/2022","70,645.7","68,688.5","70,738.9","68,595.3","4.55M","2.85%"
"22/08/2022","68,688.5","69,061.3","69,713.7","68,688.5","2.07M","-0.54%"
"19/08/2022","69,061.3","68,408.9","69,434.1","67,942.9","5.23M","0.95%"
"18/08/2022","68,408.9","67,663.3","68,595.3","67,663.3","4.23M","1.10%"
"17/08/2022","67,663.3","66,917.7","67,663.3","66,824.5","1.32M","1.11%"
"16/08/2022","66,917.7","66,917.7","67,476.9","66,824.5","1.69M","0.42%"
"15/08/2022","66,638.1","67,104.1","67,104.1","66,451.7","2.53M","-0.56%"
"12/08/2022","67,010.9","66,172.1","67,010.9","66,172.1","1.80M","1.13%"
"11/08/2022","66,265.3","67,663.3","67,663.3","65,892.5","3.88M","-1.93%"
"10/08/2022","67,570.1","67,104.1","67,663.3","67,104.1","1.54M","0.69%"
"09/08/2022","67,104.1","67,290.5","67,476.9","67,104.1","2.13M","-0.28%"
"08/08/2022","67,290.5","67,570.1","67,570.1","67,197.3","2.80M","-0.55%"
"05/08/2022","67,663.3","68,315.7","68,408.9","67,663.3","2.14M","-0.95%"
"04/08/2022","68,315.7","68,408.9","68,408.9","67,849.7","1.72M","-0.14%"
"03/08/2022","68,408.9","67,849.7","68,502.1","67,570.1","3.13M","0.00%"
"02/08/2022","68,408.9","68,408.9","69,154.5","67,756.5","2.60M","-0.14%"
"01/08/2022","68,502.1","67,849.7","68,502.1","67,290.5","2.53M","0.96%"
"29/07/2022","67,849.7","67,756.5","68,595.3","67,476.9","2.58M","0.28%"
"28/07/2022","67,663.3","67,570.1","67,849.7","67,383.7","1.22M","0.55%"
"27/07/2022","67,290.5","67,104.1","67,663.3","66,917.7","789.50K","0.28%"
"26/07/2022","67,104.1","67,942.9","68,036.1","66,917.7","1.15M","-1.23%"
"25/07/2022","67,942.9","67,104.1","67,942.9","66,917.7","1.24M","1.25%"
"22/07/2022","67,104.1","68,222.5","68,222.5","67,104.1","712.30K","-1.64%"
"21/07/2022","68,222.5","67,570.1","68,595.3","67,290.5","1.72M","0.27%"
"20/07/2022","68,036.1","68,222.5","68,595.3","67,849.7","1.17M","0.27%"
"19/07/2022","67,849.7","67,104.1","67,942.9","66,731.3","1.53M","1.53%"
"18/07/2022","66,824.5","67,104.1","67,290.5","66,638.1","1.11M","0.14%"
"15/07/2022","66,731.3","67,476.9","68,036.1","66,731.3","1.48M","-1.10%"
"14/07/2022","67,476.9","67,383.7","68,222.5","67,290.5","982.30K","-0.14%"
"13/07/2022","67,570.1","68,222.5","68,595.3","67,476.9","1.42M","-1.09%"
"12/07/2022","68,315.7","68,036.1","68,874.9","67,663.3","976.10K","0.41%"
"11/07/2022","68,036.1","67,290.5","69,620.5","67,104.1","2.56M","0.00%"
"08/07/2022","68,036.1","68,036.1","68,315.7","67,570.1","1.70M","0.00%"
"07/07/2022","68,036.1","65,892.5","68,036.1","65,240.1","3.05M","3.25%"
"06/07/2022","65,892.5","66,172.1","66,638.1","64,774.1","2.36M","0.04%"
"05/07/2022","65,864.1","67,846.3","67,936.4","65,774.0","2.59M","-2.66%"
"04/07/2022","67,666.1","66,675.0","68,296.8","66,494.8","3.14M","1.90%"
"01/07/2022","66,404.7","65,143.2","66,584.9","64,872.9","2.86M","2.08%"
"30/06/2022","65,053.1","65,143.2","67,395.8","65,053.1","3.58M","-0.14%"
"29/06/2022","65,143.2","63,611.5","65,503.6","63,611.5","1.94M","2.12%"
"28/06/2022","63,791.7","63,611.5","65,503.6","63,161.0","3.04M","-0.42%"
"27/06/2022","64,062.0","64,692.7","64,963.0","63,341.2","1.80M","-0.56%"
"24/06/2022","64,422.4","63,971.9","65,683.9","63,881.8","1.68M","1.13%"
"23/06/2022","63,701.6","63,611.5","64,872.9","63,070.9","1.10M","0.14%"
"22/06/2022","63,611.5","65,864.1","66,134.4","63,611.5","2.21M","-4.21%"
"21/06/2022","66,404.7","62,350.1","66,494.8","61,989.7","4.84M","6.81%"
"20/06/2022","62,169.9","59,827.3","62,800.6","59,827.3","2.59M","3.45%"
"17/06/2022","60,097.6","60,277.8","61,809.5","58,746.1","2.50M","-1.91%"
"16/06/2022","61,268.9","58,655.9","61,539.2","58,565.8","2.22M","5.43%"
"15/06/2022","58,115.3","59,557.0","59,917.4","58,115.3","2.68M","-2.42%"
"14/06/2022","59,557.0","59,016.4","60,818.4","58,926.3","1.39M","-0.45%"
"13/06/2022","59,827.3","61,629.3","61,629.3","59,647.1","2.38M","-4.46%"
"10/06/2022","62,620.4","63,070.9","63,251.1","62,620.4","1.48M","-1.00%"
"09/06/2022","63,251.1","63,971.9","64,062.0","63,251.1","1.05M","-1.13%"
"08/06/2022","63,971.9","63,701.6","64,332.3","63,701.6","1.70M","0.57%"
"07/06/2022","63,611.5","63,341.2","63,701.6","63,070.9","1.32M","-0.28%"
"06/06/2022","63,791.7","63,251.1","64,152.1","63,070.9","1.43M","0.71%"
"03/06/2022","63,341.2","63,971.9","64,242.2","63,070.9","1.05M","-1.13%"
"02/06/2022","64,062.0","64,872.9","64,872.9","63,791.7","1.49M","-1.11%"
"01/06/2022","64,782.8","64,422.4","65,413.5","64,242.2","1.23M","0.28%"
"31/05/2022","64,602.6","64,963.0","65,233.3","64,602.6","2.06M","-1.10%"
"30/05/2022","65,323.4","65,683.9","65,683.9","64,872.9","2.12M","-0.69%"
"27/05/2022","65,774.0","64,242.2","66,044.3","63,701.6","3.46M","2.38%"
"26/05/2022","64,242.2","64,782.8","64,782.8","63,701.6","1.53M","-0.83%"
"25/05/2022","64,782.8","62,079.8","65,143.2","62,079.8","2.36M","4.35%"
"24/05/2022","62,079.8","60,097.6","62,079.8","59,917.4","2.03M","3.92%"
"23/05/2022","59,737.2","61,719.4","61,899.6","59,647.1","2.02M","-2.64%"
"20/05/2022","61,359.0","62,169.9","62,980.8","61,268.9","1.30M","-1.30%"
"19/05/2022","62,169.9","62,620.4","63,070.9","62,169.9","1.45M","-1.85%"
"18/05/2022","63,341.2","63,070.9","63,521.4","62,620.4","1.98M","0.43%"
"17/05/2022","63,070.9","59,106.5","63,070.9","58,746.1","2.11M","6.38%"
"16/05/2022","59,286.7","60,007.5","60,908.5","59,196.6","1.98M","-0.45%"
"13/05/2022","59,557.0","60,367.9","61,088.7","59,376.8","4.59M","-0.60%"
"12/05/2022","59,917.4","62,890.7","62,890.7","59,917.4","3.19M","-4.32%"
"11/05/2022","62,620.4","63,611.5","64,062.0","62,620.4","1.79M","-1.56%"
"10/05/2022","63,611.5","63,070.9","64,782.8","63,070.9","3.11M","0.86%"
"09/05/2022","63,070.9","63,251.1","64,422.4","62,710.5","2.39M","-0.28%"
"06/05/2022","63,251.1","64,332.3","64,512.5","62,620.4","2.11M","-2.64%"
"05/05/2022","64,963.0","65,954.2","65,954.2","64,422.4","1.55M","-0.55%"
"04/05/2022","65,323.4","66,855.2","67,035.4","65,323.4","1.76M","-2.29%"
"29/04/2022","66,855.2","67,035.4","67,576.0","66,675.0","1.63M","-0.13%"
"28/04/2022","66,945.3","67,485.9","67,485.9","66,494.8","1.91M","-0.93%"
"27/04/2022","67,576.0","67,756.2","68,296.8","66,404.7","1.83M","-1.19%"
"26/04/2022","68,386.9","66,224.5","68,477.0","63,881.8","3.88M","3.27%"
"25/04/2022","66,224.5","68,477.0","68,747.3","65,774.0","2.66M","-3.16%"
"22/04/2022","68,386.9","68,206.7","68,927.5","68,026.5","2.80M","1.20%"
"21/04/2022","67,576.0","67,846.3","68,927.5","67,576.0","4.62M","-0.79%"
"20/04/2022","68,116.6","68,477.0","69,107.7","68,116.6","1.93M","-0.53%"
"19/04/2022","68,477.0","69,468.1","70,008.7","68,477.0","1.67M","-1.30%"
"18/04/2022","69,378.0","68,927.5","70,188.9","68,837.4","2.56M","0.65%"
"15/04/2022","68,927.5","68,927.5","69,918.6","68,477.0","1.36M","0.26%"
"14/04/2022","68,747.3","69,828.5","70,279.0","68,747.3","1.81M","-1.17%"
"13/04/2022","69,558.2","69,197.8","70,729.5","69,107.7","2.12M","0.52%"
"12/04/2022","69,197.8","69,648.3","70,098.8","68,927.5","1.78M","-0.65%"
"08/04/2022","69,648.3","70,729.5","71,270.1","69,648.3","2.74M","-1.53%"
"07/04/2022","70,729.5","71,990.9","72,081.0","70,729.5","1.76M","-1.01%"
"06/04/2022","71,450.3","72,081.0","73,162.3","71,270.1","4.31M","-1.37%"
"05/04/2022","72,441.4","73,702.9","73,702.9","72,441.4","2.20M","-2.19%"
"04/04/2022","74,063.3","73,883.1","74,333.6","73,432.6","3.81M","0.61%"
"01/04/2022","73,612.8","72,982.1","74,513.8","72,351.3","6.11M","0.99%"
"31/03/2022","72,892.0","68,657.2","72,982.1","68,477.0","9.65M","6.17%"
"30/03/2022","68,657.2","68,026.5","69,017.6","67,666.1","3.41M","0.93%"
"29/03/2022","68,026.5","66,224.5","68,026.5","66,224.5","2.14M","2.86%"
"28/03/2022","66,134.4","67,846.3","68,116.6","66,134.4","4.04M","-2.39%"
"25/03/2022","67,756.2","68,116.6","68,296.8","67,666.1","2.70M","-0.53%"
"24/03/2022","68,116.6","68,477.0","68,567.1","67,756.2","3.39M","-0.66%"
"23/03/2022","68,567.1","69,197.8","69,378.0","68,386.9","3.23M","-6.12%"
"22/03/2022","73,037.2","73,987.0","73,987.0","72,942.2","2.39M","-0.90%"
"21/03/2022","73,702.1","72,182.4","73,987.0","72,182.4","1.88M","2.11%"
"18/03/2022","72,182.4","72,752.3","73,132.2","72,182.4","4.23M","-0.52%"
"17/03/2022","72,562.3","73,702.1","73,892.0","72,562.3","1.35M","-1.16%"
"16/03/2022","73,417.1","73,322.1","74,082.0","73,132.2","1.85M","0.13%"
"15/03/2022","73,322.1","73,132.2","73,607.1","72,467.4","1.48M","0.00%"
"14/03/2022","73,322.1","74,082.0","74,082.0","73,037.2","1.65M","-1.03%"
"11/03/2022","74,082.0","73,322.1","74,556.8","73,227.2","2.32M","1.17%"
"10/03/2022","73,227.2","72,182.4","73,987.0","72,182.4","2.97M","2.66%"
"09/03/2022","71,327.6","72,182.4","72,942.2","71,232.7","3.00M","-1.31%"
"08/03/2022","72,277.4","72,467.4","72,657.3","72,182.4","2.38M","-0.91%"
"07/03/2022","72,942.2","73,987.0","73,987.0","72,847.3","3.53M","-1.41%"
"04/03/2022","73,987.0","74,461.9","74,461.9","73,892.0","2.51M","-0.64%"
"03/03/2022","74,461.9","74,746.8","75,031.7","74,271.9","1.49M","-0.13%"
"02/03/2022","74,556.8","75,221.7","75,221.7","74,082.0","2.04M","-0.88%"
"01/03/2022","75,221.7","74,461.9","75,411.6","74,271.9","1.27M","1.02%"
"28/02/2022","74,461.9","74,936.8","75,031.7","73,892.0","2.26M","-0.63%"
"25/02/2022","74,936.8","75,031.7","75,506.6","74,936.8","1.35M","0.38%"
"24/02/2022","74,651.8","75,981.5","75,981.5","74,556.8","2.72M","-1.75%"
"23/02/2022","75,981.5","75,981.5","76,456.4","75,791.5","2.20M","0.00%"
"22/02/2022","75,981.5","76,836.3","76,931.3","75,696.6","3.20M","-1.23%"
"21/02/2022","76,931.3","76,836.3","77,501.1","76,836.3","1.28M","0.50%"
"18/02/2022","76,551.4","76,076.5","76,741.3","76,076.5","1.81M","-0.25%"
"17/02/2022","76,741.3","76,456.4","77,121.2","76,361.4","1.79M","0.50%"
"16/02/2022","76,361.4","77,121.2","77,216.2","76,266.4","2.83M","-0.99%"
"15/02/2022","77,121.2","77,026.2","77,406.2","76,931.3","1.47M","0.12%"
"14/02/2022","77,026.2","77,406.2","77,881.0","76,931.3","2.97M","-1.10%"
"11/02/2022","77,881.0","78,355.9","78,450.9","77,786.1","1.62M","-0.85%"
"10/02/2022","78,545.9","78,640.9","79,115.7","78,166.0","1.61M","-0.12%"
"09/02/2022","78,640.9","77,881.0","79,495.6","77,881.0","1.80M","0.98%"
"08/02/2022","77,881.0","79,210.7","79,305.7","77,881.0","2.71M","-1.80%"
"07/02/2022","79,305.7","79,020.8","79,780.6","78,735.8","1.32M","0.48%"
"28/01/2022","78,925.8","78,830.8","79,970.5","78,640.9","2.26M","0.00%"
"27/01/2022","78,925.8","76,076.5","79,210.7","76,076.5","2.04M","4.27%"
"26/01/2022","75,696.6","75,316.7","76,456.4","75,316.7","1.45M","0.63%"
"25/01/2022","75,221.7","76,456.4","76,931.3","75,126.7","3.76M","-2.22%"
"24/01/2022","76,931.3","78,450.9","78,545.9","76,931.3","2.22M","-1.94%"
"21/01/2022","78,450.9","78,830.8","79,115.7","78,355.9","1.58M","-0.48%"
"20/01/2022","78,830.8","78,830.8","79,115.7","78,735.8","1.49M","-0.48%"
"19/01/2022","79,210.7","78,735.8","79,305.7","78,545.9","1.76M","0.00%"
"18/01/2022","79,210.7","78,735.8","79,305.7","78,450.9","2.10M","0.60%"
"17/01/2022","78,735.8","80,730.3","80,730.3","78,735.8","2.10M","-2.13%"
"14/01/2022","80,445.4","78,925.8","80,825.3","78,545.9","2.52M","1.93%"
"13/01/2022","78,925.8","79,210.7","79,495.6","78,735.8","1.71M","0.00%"
"12/01/2022","78,925.8","79,590.6","79,590.6","78,545.9","2.18M","-0.72%"
"11/01/2022","79,495.6","79,400.7","79,780.6","79,305.7","1.83M","0.00%"
"10/01/2022","79,495.6","80,540.4","80,730.3","79,305.7","2.15M","-0.12%"
"07/01/2022","79,590.6","79,684.0","79,964.3","79,403.8","2.55M","-0.23%"
"06/01/2022","79,777.4","80,431.4","80,431.4","79,684.0","2.85M","-0.93%"
"05/01/2022","80,524.8","81,085.3","81,272.1","80,337.9","3.12M","-0.58%"
"04/01/2022","80,991.9","81,458.9","81,645.8","80,991.9","1.89M","0.35%"
"31/12/2021","80,711.6","79,870.9","81,739.2","79,684.0","2.33M","1.29%"
"30/12/2021","79,684.0","79,684.0","79,964.3","79,497.2","893.10K","0.12%"
"29/12/2021","79,590.6","79,870.9","79,964.3","79,497.2","945.40K","-0.35%"
"28/12/2021","79,870.9","80,524.8","80,524.8","79,590.6","1.54M","-0.70%"
"27/12/2021","80,431.4","80,337.9","80,711.6","80,057.7","1.14M","0.12%"
"24/12/2021","80,337.9","79,123.5","80,337.9","79,123.5","1.15M","1.53%"
"23/12/2021","79,123.5","79,777.4","79,777.4","78,936.7","2.15M","-0.82%"
"22/12/2021","79,777.4","80,057.7","80,524.8","79,684.0","1.84M","-0.12%"
"21/12/2021","79,870.9","80,151.1","80,337.9","79,870.9","1.19M","-0.23%"
"20/12/2021","80,057.7","80,337.9","80,618.2","79,964.3","1.81M","0.00%"
"17/12/2021","80,057.7","80,898.4","80,991.9","80,057.7","2.66M","-1.04%"
"16/12/2021","80,898.4","80,618.2","80,898.4","80,337.9","1.61M","0.35%"
"15/12/2021","80,618.2","80,711.6","80,991.9","80,618.2","1.21M","0.00%"
"14/12/2021","80,618.2","80,711.6","81,178.7","80,524.8","1.67M","-0.12%"
"13/12/2021","80,711.6","80,618.2","81,085.3","80,337.9","1.50M","0.12%"
"10/12/2021","80,618.2","80,805.0","81,272.1","80,151.1","1.49M","-0.80%"
"09/12/2021","81,272.1","80,244.5","81,365.5","80,057.7","1.45M","1.16%"
"08/12/2021","80,337.9","80,618.2","80,805.0","80,057.7","1.29M","-0.58%"
"07/12/2021","80,805.0","80,151.1","80,805.0","79,777.4","1.53M","1.41%"
"06/12/2021","79,684.0","80,337.9","80,898.4","79,684.0","3.17M","-0.58%"
"03/12/2021","80,151.1","81,832.6","82,206.3","80,151.1","2.90M","-1.83%"
"02/12/2021","81,645.8","81,739.2","82,206.3","81,645.8","1.25M","-0.11%"
"01/12/2021","81,739.2","82,206.3","82,766.8","81,645.8","1.89M","-0.11%"
"30/11/2021","81,832.6","81,832.6","82,953.6","81,832.6","3.18M","0.11%"
"29/11/2021","81,739.2","82,019.4","82,112.9","81,458.9","2.84M","-0.91%"
"26/11/2021","82,486.5","81,832.6","82,953.6","81,739.2","3.02M","0.91%"
"25/11/2021","81,739.2","81,739.2","82,393.1","81,458.9","2.18M","0.00%"
"24/11/2021","81,739.2","80,805.0","81,739.2","80,805.0","2.12M","1.39%"
"23/11/2021","80,618.2","80,805.0","80,991.9","80,337.9","2.20M","0.12%"
"22/11/2021","80,524.8","80,337.9","80,805.0","80,244.5","3.50M","0.12%"
"19/11/2021","80,431.4","82,206.3","82,579.9","80,337.9","5.15M","-2.16%"
"18/11/2021","82,206.3","82,953.6","82,953.6","82,206.3","3.90M","-0.90%"
"17/11/2021","82,953.6","82,766.8","83,700.9","82,766.8","2.51M","0.23%"
"16/11/2021","82,766.8","83,140.4","83,420.7","82,673.3","3.25M","-0.45%"
"15/11/2021","83,140.4","83,607.5","83,700.9","83,140.4","3.27M","-0.34%"
"12/11/2021","83,420.7","84,074.6","84,168.0","83,233.8","2.12M","-0.33%"
"11/11/2021","83,700.9","83,887.8","84,448.3","83,420.7","3.38M","-0.11%"
"10/11/2021","83,794.3","84,074.6","84,168.0","83,420.7","2.67M","-0.11%"
"09/11/2021","83,887.8","85,008.8","85,102.2","83,794.3","3.70M","-1.10%"
"08/11/2021","84,821.9","83,794.3","85,102.2","83,700.9","6.17M","1.79%"
"05/11/2021","83,327.3","82,766.8","83,514.1","82,673.3","2.65M","0.91%"
"04/11/2021","82,579.9","82,579.9","82,860.2","82,299.7","2.51M","0.23%"
"03/11/2021","82,393.1","83,233.8","83,607.5","82,393.1","5.55M","-1.12%"
"02/11/2021","83,327.3","84,074.6","84,074.6","83,140.4","4.89M","-0.89%"
"01/11/2021","84,074.6","84,821.9","85,289.0","83,887.8","5.08M","-0.77%"
"29/10/2021","84,728.5","84,635.1","85,008.8","84,354.8","3.75M","0.11%"
"28/10/2021","84,635.1","84,541.7","85,475.8","84,541.7","4.09M","0.22%"
"27/10/2021","84,448.3","84,074.6","84,635.1","83,794.3","3.55M","0.89%"
"26/10/2021","83,700.9","84,074.6","84,261.4","83,514.1","1.64M","-0.55%"
"25/10/2021","84,168.0","84,541.7","84,635.1","83,981.2","2.77M","-0.44%"
"22/10/2021","84,541.7","83,607.5","84,541.7","83,327.3","4.49M","1.57%"
"21/10/2021","83,233.8","84,074.6","84,168.0","83,233.8","2.94M","-1.00%"
"20/10/2021","84,074.6","84,448.3","84,635.1","83,140.4","3.48M","-0.33%"
"19/10/2021","84,354.8","83,887.8","84,541.7","83,887.8","5.98M","0.56%"
"18/10/2021","83,887.8","84,074.6","84,168.0","83,327.3","2.31M","-0.22%"
"15/10/2021","84,074.6","84,074.6","84,728.5","83,700.9","3.21M","0.00%"
"14/10/2021","84,074.6","84,261.4","84,541.7","83,700.9","2.01M","-0.11%"
"13/10/2021","84,168.0","85,008.8","85,289.0","84,074.6","3.79M","-0.33%"
"12/10/2021","84,448.3","84,448.3","85,289.0","84,168.0","3.62M","0.44%"
"11/10/2021","84,074.6","84,074.6","84,448.3","83,607.5","2.47M","0.45%"
"08/10/2021","83,700.9","83,047.0","84,074.6","82,860.2","2.62M","0.90%"
"07/10/2021","82,953.6","83,420.7","83,514.1","82,953.6","2.98M","-0.56%"
"06/10/2021","83,420.7","83,700.9","84,168.0","83,327.3","2.50M","-0.33%"
"05/10/2021","83,700.9","84,354.8","84,354.8","83,700.9","2.27M","-0.67%"
"04/10/2021","84,261.4","84,541.7","85,102.2","84,168.0","3.06M","0.45%"
"01/10/2021","83,887.8","83,420.7","84,448.3","83,233.8","3.81M","0.22%"
"30/09/2021","83,700.9","83,981.2","84,728.5","83,700.9","2.80M","0.00%"
"29/09/2021","83,700.9","83,420.7","84,168.0","82,860.2","2.76M","0.34%"
"28/09/2021","83,420.7","82,953.6","83,981.2","82,206.3","3.76M","0.56%"
"27/09/2021","82,953.6","84,635.1","85,382.4","82,953.6","5.05M","-2.09%"
"24/09/2021","84,728.5","85,008.8","85,382.4","84,541.7","2.99M","-0.11%"
"23/09/2021","84,821.9","85,475.8","86,316.6","84,448.3","3.94M","-0.77%"
"22/09/2021","85,475.8","82,673.3","85,662.7","82,673.3","10.05M","3.04%"
"21/09/2021","82,953.6","82,206.3","83,047.0","81,926.0","3.10M","0.11%"
"20/09/2021","82,860.2","81,832.6","83,233.8","81,552.4","5.45M","2.54%"
"17/09/2021","80,805.0","80,711.6","82,579.9","80,618.2","5.29M","0.12%"
"16/09/2021","80,711.6","80,805.0","80,805.0","80,244.5","1.83M","0.35%"
"15/09/2021","80,431.4","81,085.3","81,085.3","80,431.4","2.43M","-1.03%"
"14/09/2021","81,272.1","81,458.9","81,552.4","80,898.4","2.48M","-0.23%"
"13/09/2021","81,458.9","80,805.0","81,645.8","80,618.2","2.96M","0.81%"
"10/09/2021","80,805.0","79,590.6","81,272.1","79,403.8","3.96M","1.53%"
"09/09/2021","79,590.6","79,777.4","79,870.9","79,403.8","2.45M","-0.23%"
"08/09/2021","79,777.4","80,618.2","80,618.2","79,684.0","3.68M","-1.04%"
"07/09/2021","80,618.2","82,019.4","82,019.4","80,618.2","2.62M","-0.58%"
"06/09/2021","81,085.2","81,085.2","81,544.4","80,993.4","3.21M","0.23%"
"01/09/2021","80,901.6","80,258.8","81,544.4","80,075.1","3.43M","0.80%"
"31/08/2021","80,258.8","80,350.6","80,442.4","79,983.3","2.96M","0.00%"
"30/08/2021","80,258.8","79,983.3","80,442.4","79,891.5","4.31M","0.46%"
"27/08/2021","79,891.5","80,258.8","80,350.6","79,616.0","2.35M","0.00%"
"26/08/2021","79,891.5","79,799.6","80,534.3","79,616.0","1.90M","0.12%"
"25/08/2021","79,799.6","79,340.5","79,983.3","78,973.2","1.68M","0.70%"
"24/08/2021","79,248.7","79,065.0","79,891.5","78,697.7","2.38M","0.35%"
"23/08/2021","78,973.2","80,534.3","80,626.1","78,973.2","4.36M","-2.05%"
"20/08/2021","80,626.1","82,921.8","82,921.8","79,891.5","4.33M","-2.77%"
"19/08/2021","82,921.8","83,105.5","83,105.5","82,462.7","3.06M","0.33%"
"18/08/2021","82,646.3","82,187.2","83,472.8","82,095.4","4.71M","0.78%"
"17/08/2021","82,003.5","82,279.0","82,738.2","81,819.9","2.20M","-0.22%"
"16/08/2021","82,187.2","82,554.5","83,197.3","81,728.0","3.27M","-0.44%"
"13/08/2021","82,554.5","83,013.7","83,105.5","81,911.7","4.11M","-0.66%"
"12/08/2021","83,105.5","83,381.0","84,023.8","82,921.8","4.29M","-0.44%"
"11/08/2021","83,472.8","82,554.5","83,931.9","82,462.7","5.33M","1.68%"
"10/08/2021","82,095.4","80,809.7","82,646.3","80,809.7","5.97M","1.94%"
"09/08/2021","80,534.3","80,075.1","80,717.9","79,891.5","2.73M","0.57%"
"06/08/2021","80,075.1","79,799.6","81,177.1","79,524.1","3.96M","0.69%"
"05/08/2021","79,524.1","79,799.6","79,983.3","79,524.1","2.83M","-0.57%"
"04/08/2021","79,983.3","80,350.6","80,350.6","79,891.5","2.87M","0.00%"
"03/08/2021","79,983.3","79,524.1","80,350.6","79,524.1","2.71M","0.69%"
"02/08/2021","79,432.3","79,156.8","79,799.6","78,973.2","2.57M","0.46%"
"30/07/2021","79,065.0","79,707.8","80,075.1","78,881.3","4.41M","-0.81%"
"29/07/2021","79,707.8","79,891.5","80,534.3","78,973.2","2.65M","-0.12%"
"28/07/2021","79,799.6","79,983.3","80,258.8","79,524.1","1.67M","-0.69%"
"27/07/2021","80,350.6","81,636.2","82,187.2","80,350.6","2.39M","-1.57%"
"26/07/2021","81,636.2","80,809.7","81,911.7","80,717.9","2.79M","1.48%"
"23/07/2021","80,442.4","79,707.8","82,462.7","79,065.0","4.13M","0.92%"
"22/07/2021","79,707.8","78,514.0","79,983.3","78,330.4","2.15M","1.76%"
"21/07/2021","78,330.4","78,422.2","78,881.3","78,238.5","1.70M","-0.70%"
"20/07/2021","78,881.3","78,054.9","78,973.2","77,412.1","3.21M","1.06%"
"19/07/2021","78,054.9","77,503.9","78,054.9","77,136.6","4.11M","-1.05%"
"16/07/2021","78,881.3","78,514.0","79,156.8","78,330.4","1.45M","0.82%"
"15/07/2021","78,238.5","78,054.9","79,248.7","77,595.7","3.28M","0.24%"
"14/07/2021","78,054.9","78,054.9","78,697.7","77,412.1","4.18M","0.83%"
"13/07/2021","77,412.1","79,065.0","79,432.3","77,320.2","2.88M","-2.32%"
"12/07/2021","79,248.7","80,350.6","80,809.7","77,412.1","4.83M","-0.80%"
"09/07/2021","79,891.5","81,085.2","81,177.1","79,799.6","3.06M","-1.58%"
"08/07/2021","81,177.1","80,993.4","82,095.4","80,809.7","1.91M","-1.56%"
"07/07/2021","82,462.7","79,891.5","82,462.7","79,524.1","4.74M","3.22%"
"06/07/2021","79,891.5","82,095.4","82,462.7","79,891.5","4.71M","-2.47%"
"05/07/2021","81,911.7","82,738.2","83,013.7","81,360.7","2.93M","-1.00%"
"02/07/2021","82,738.2","83,564.6","83,564.6","82,738.2","2.75M","-0.88%"
"01/07/2021","83,472.8","83,197.3","83,840.1","83,013.7","3.81M","0.55%"
"30/06/2021","83,013.7","83,564.6","83,656.5","82,830.0","2.12M","-0.66%"
"29/06/2021","83,564.6","82,462.7","84,207.4","81,728.0","4.37M","2.02%"
"28/06/2021","81,911.7","82,646.3","82,830.0","81,728.0","1.85M","-0.56%"
"25/06/2021","82,370.8","81,452.6","82,554.5","81,452.6","2.08M","1.13%"
"24/06/2021","81,452.6","82,554.5","82,830.0","81,085.2","4.23M","-1.44%"
"23/06/2021","82,646.3","83,197.3","83,381.0","82,370.8","3.36M","-0.66%"
"22/06/2021","83,197.3","83,564.6","84,023.8","83,197.3","2.24M","0.00%"
"21/06/2021","83,197.3","84,482.9","84,574.7","83,197.3","4.19M","-1.63%"
"18/06/2021","84,574.7","83,931.9","85,125.7","83,931.9","2.97M","1.21%"
"17/06/2021","83,564.6","83,564.6","84,666.6","83,381.0","2.39M","-0.87%"
"16/06/2021","84,299.3","85,125.7","85,401.2","83,840.1","3.04M","-1.18%"
"15/06/2021","85,309.4","85,033.9","85,584.9","84,574.7","4.53M","0.43%"
"14/06/2021","84,942.1","84,942.1","85,860.4","84,023.8","4.88M","0.54%"
"11/06/2021","84,482.9","84,666.6","84,942.1","83,748.3","2.94M","-0.22%"
"10/06/2021","84,666.6","82,095.4","85,952.2","81,360.7","5.62M","3.48%"
"09/06/2021","81,819.9","82,462.7","82,738.2","81,544.4","3.01M","-0.67%"
"08/06/2021","82,370.8","82,187.2","83,840.1","82,095.4","5.48M","0.34%"
"07/06/2021","82,095.4","82,187.2","82,279.0","80,809.7","3.74M","-0.11%"
"04/06/2021","82,187.2","82,921.8","83,564.6","81,819.9","4.56M","-0.78%"
"03/06/2021","82,830.0","82,646.3","83,381.0","82,462.7","3.63M","0.89%"
"02/06/2021","82,095.4","82,279.0","82,279.0","81,728.0","3.67M","-0.56%"
"01/06/2021","82,554.5","83,105.5","83,289.1","82,554.5","2.34M","-0.66%"
"31/05/2021","83,105.5","84,299.3","84,482.9","82,830.0","3.10M","-0.66%"
"28/05/2021","83,656.5","83,564.6","84,207.4","83,013.7","3.12M","0.66%"
"27/05/2021","83,105.5","83,931.9","84,115.6","82,646.3","2.92M","-0.55%"
"26/05/2021","83,564.6","82,646.3","84,391.1","82,003.5","3.77M","0.55%"
"25/05/2021","83,105.5","83,748.3","83,748.3","82,646.3","2.79M","-0.77%"
"24/05/2021","83,748.3","82,646.3","84,391.1","82,187.2","4.35M","2.24%"
"21/05/2021","81,911.7","80,717.9","83,381.0","79,983.3","3.94M","1.36%"
"20/05/2021","80,809.7","80,717.9","80,901.6","79,891.5","2.80M","0.57%"
"19/05/2021","80,350.6","80,626.1","81,728.0","79,983.3","3.53M","0.57%"
"18/05/2021","79,891.5","80,350.6","80,809.7","79,707.8","2.97M","-0.23%"
"17/05/2021","80,075.1","82,187.2","82,646.3","80,075.1","5.00M","-2.57%"
"14/05/2021","82,187.2","83,656.5","83,748.3","82,187.2","4.39M","-1.10%"
"13/05/2021","83,105.5","83,564.6","84,207.4","83,105.5","3.12M","-1.42%"
"12/05/2021","84,299.3","82,738.2","84,666.6","82,646.3","3.20M","0.66%"
"11/05/2021","83,748.3","85,860.4","86,778.6","83,748.3","4.20M","-1.94%"
"10/05/2021","85,401.2","79,891.5","85,401.2","79,065.0","8.18M","6.90%"
"07/05/2021","79,891.5","81,728.0","81,911.7","79,707.8","6.74M","-2.90%"
"06/05/2021","82,279.0","84,482.9","84,482.9","82,279.0","7.45M","-2.61%"
"05/05/2021","84,482.9","84,115.6","85,401.2","84,115.6","3.79M","0.44%"
"04/05/2021","84,115.6","85,401.2","85,401.2","84,023.8","4.11M","-2.03%"
"29/04/2021","85,860.4","86,044.0","86,503.2","84,023.8","6.50M","-0.21%"
"28/04/2021","86,044.0","87,880.6","87,972.4","85,860.4","5.03M","-2.09%"
"27/04/2021","87,880.6","88,156.1","88,615.2","87,237.8","3.15M","-0.31%"
"26/04/2021","88,156.1","89,074.4","90,911.0","88,156.1","5.05M","-3.52%"
"23/04/2021","91,370.1","89,992.7","91,737.4","88,890.7","3.56M","1.53%"
"22/04/2021","89,992.7","91,186.5","91,370.1","89,074.4","3.17M","-1.31%"
"20/04/2021","91,186.5","89,074.4","92,747.6","88,982.6","6.99M","3.33%"